level,module,eclass,abstract,current_container,proposed_container,feature,feature_kind,feature_type,opposite,verdict,rationale,flags
cim,cim-organization.emf,AcceptanceCriterion,False,Requirement.acceptanceCriteria,Requirement.acceptanceCriteria,,,,,ok,leaf classifier,
cim,cim-organization.emf,Actor,False,CIMModel.actors,CIMModel.actors,playsRoles,ref,Role,assignedTo,ref,cross-link,
cim,cim-organization.emf,Actor,False,CIMModel.actors,CIMModel.actors,issuesCommands,ref,Command,issuedBy,ref,cross-link,
cim,cim-organization.emf,Actor,False,CIMModel.actors,CIMModel.actors,issuesQueries,ref,Query,issuedBy,ref,cross-link,
cim,cim-organization.emf,Actor,False,CIMModel.actors,CIMModel.actors,observesEvents,ref,BusinessEvent,,ref,cross-link,
cim,cim-domain-data.emf,AggregateCandidate,False,CIMModel.aggregates,CIMModel.aggregates,invariants,val,BusinessInvariant,,val,containment owner,
cim,cim-domain-data.emf,AggregateCandidate,False,CIMModel.aggregates,CIMModel.aggregates,members,ref,DomainEntity,,ref,cross-link,
cim,cim-domain-data.emf,AggregateCandidate,False,CIMModel.aggregates,CIMModel.aggregates,context,ref,BoundedContextCandidate,,ref,cross-link,
cim,cim-domain-data.emf,AggregateCandidate,False,CIMModel.aggregates,CIMModel.aggregates,handledCommands,ref,Command,,ref,cross-link,
cim,cim-domain-data.emf,AggregateCandidate,False,CIMModel.aggregates,CIMModel.aggregates,emittedEvents,ref,BusinessEvent,,ref,cross-link,
cim,cim-transformation.emf,Assumption,False,CIMModel.assumptions,CIMModel.assumptions,affectedElements,ref,ModelElement,,ref,cross-link,
cim,cim-organization.emf,BoundedContextCandidate,False,CIMModel.boundedContexts,CIMModel.boundedContexts,glossaryTerms,val,UbiquitousLanguageTerm,context,val,containment owner,
cim,cim-organization.emf,BoundedContextCandidate,False,CIMModel.boundedContexts,CIMModel.boundedContexts,capabilities,ref,BusinessCapability,,ref,cross-link,
cim,cim-organization.emf,BoundedContextCandidate,False,CIMModel.boundedContexts,CIMModel.boundedContexts,entities,ref,DomainEntity,,ref,cross-link,
cim,cim-organization.emf,BoundedContextCandidate,False,CIMModel.boundedContexts,CIMModel.boundedContexts,commands,ref,Command,,ref,cross-link,
cim,cim-organization.emf,BoundedContextCandidate,False,CIMModel.boundedContexts,CIMModel.boundedContexts,queries,ref,Query,,ref,cross-link,
cim,cim-organization.emf,BoundedContextCandidate,False,CIMModel.boundedContexts,CIMModel.boundedContexts,events,ref,BusinessEvent,,ref,cross-link,
cim,cim-organization.emf,BoundedContextCandidate,False,CIMModel.boundedContexts,CIMModel.boundedContexts,policies,ref,Policy,,ref,cross-link,
cim,cim-organization.emf,BusinessCapability,False,CIMModel.capabilities,CIMModel.capabilities,owner,ref,Actor,,ref,cross-link,
cim,cim-organization.emf,BusinessCapability,False,CIMModel.capabilities,CIMModel.capabilities,supports,ref,BusinessGoal,,ref,cross-link,
cim,cim-organization.emf,BusinessCapability,False,CIMModel.capabilities,CIMModel.capabilities,realizesRequirements,ref,Requirement,,ref,cross-link,
cim,cim-organization.emf,BusinessCapability,False,CIMModel.capabilities,CIMModel.capabilities,containsCommands,ref,Command,targetCapability,ref,cross-link,
cim,cim-organization.emf,BusinessCapability,False,CIMModel.capabilities,CIMModel.capabilities,containsQueries,ref,Query,targetCapability,ref,cross-link,
cim,cim-organization.emf,BusinessCapability,False,CIMModel.capabilities,CIMModel.capabilities,containsEvents,ref,BusinessEvent,,ref,cross-link,
cim,cim-organization.emf,BusinessCapability,False,CIMModel.capabilities,CIMModel.capabilities,managesEntities,ref,DomainEntity,owningCapability,ref,cross-link,
cim,cim-organization.emf,BusinessCapability,False,CIMModel.capabilities,CIMModel.capabilities,ownsProcesses,ref,BusinessProcess,owningCapability,ref,duplicate ownership — remove,owns-ref
cim,cim-organization.emf,BusinessCapability,False,CIMModel.capabilities,CIMModel.capabilities,constrainedBy,ref,NonFunctionalRequirement,,ref,cross-link,owns-ref
cim,cim-behavior.emf,BusinessError,False,CIMModel.businessErrors,CIMModel.businessErrors,emittedEvents,ref,BusinessEvent,,ref,cross-link,
cim,cim-behavior.emf,BusinessEvent,False,CIMModel.events,CIMModel.events,expectedByCommands,ref,Command,expectedEvents,ref,cross-link,
cim,cim-behavior.emf,BusinessEvent,False,CIMModel.events,CIMModel.events,rejectedByCommands,ref,Command,rejectionEvents,ref,cross-link,
cim,cim-behavior.emf,BusinessEvent,False,CIMModel.events,CIMModel.events,causedByExternalSystems,ref,ExternalSystem,producedEvents,ref,cross-link,
cim,cim-behavior.emf,BusinessEvent,False,CIMModel.events,CIMModel.events,consumedByExternalSystems,ref,ExternalSystem,consumedEvents,ref,cross-link,
cim,cim-behavior.emf,BusinessEvent,False,CIMModel.events,CIMModel.events,causedByPolicies,ref,Policy,emitsEvents,ref,cross-link,
cim,cim-behavior.emf,BusinessEvent,False,CIMModel.events,CIMModel.events,consumedByPolicies,ref,Policy,triggeredBy,ref,cross-link,
cim,cim-behavior.emf,BusinessEvent,False,CIMModel.events,CIMModel.events,consumedByProcesses,ref,BusinessProcess,,ref,cross-link,
cim,cim-behavior.emf,BusinessEvent,False,CIMModel.events,CIMModel.events,payload,ref,InformationItem,,ref,cross-link,
cim,cim-behavior.emf,BusinessEvent,False,CIMModel.events,CIMModel.events,affects,ref,DomainEntity,,ref,cross-link,
cim,cim-organization.emf,BusinessGoal,False,CIMModel.goals,CIMModel.goals,measuredBy,ref,KPI,measures,ref,cross-link,
cim,cim-organization.emf,BusinessGoal,False,CIMModel.goals,CIMModel.goals,refinedBy,ref,BusinessCapability,,ref,cross-link,
cim,cim-organization.emf,BusinessGoal,False,CIMModel.goals,CIMModel.goals,owners,ref,Stakeholder,ownsGoals,ref,cross-link,
cim,cim-domain-data.emf,BusinessInvariant,False,DomainEntity.invariants; AggregateCandidate.invariants,DomainEntity.invariants; AggregateCandidate.invariants,expressionModel,val,Expression,,flag: multiple-containment,containment owner,multiple-containment
cim,cim-domain-data.emf,BusinessInvariant,False,DomainEntity.invariants; AggregateCandidate.invariants,DomainEntity.invariants; AggregateCandidate.invariants,constrainedConcepts,ref,DomainConcept,,ref,cross-link,multiple-containment
cim,cim-process-policy.emf,BusinessProcess,False,CIMModel.processes,CIMModel.processes,steps,val,ProcessStep,,val,containment owner,
cim,cim-process-policy.emf,BusinessProcess,False,CIMModel.processes,CIMModel.processes,transitions,val,ProcessTransition,,val,containment owner,
cim,cim-process-policy.emf,BusinessProcess,False,CIMModel.processes,CIMModel.processes,exceptions,val,ExceptionScenario,,val,containment owner,
cim,cim-process-policy.emf,BusinessProcess,False,CIMModel.processes,CIMModel.processes,temporalConstraints,val,TemporalConstraint,,val,containment owner,
cim,cim-process-policy.emf,BusinessProcess,False,CIMModel.processes,CIMModel.processes,owningCapability,ref,BusinessCapability,ownsProcesses,ref,cross-link,
cim,cim-process-policy.emf,BusinessProcess,False,CIMModel.processes,CIMModel.processes,triggeringActor,ref,Actor,,ref,cross-link,
cim,cim-process-policy.emf,BusinessProcess,False,CIMModel.processes,CIMModel.processes,triggeringEvent,ref,BusinessEvent,,ref,cross-link,
cim,cim-process-policy.emf,BusinessProcess,False,CIMModel.processes,CIMModel.processes,triggeringCommand,ref,Command,,ref,cross-link,
cim,cim-process-policy.emf,BusinessProcess,False,CIMModel.processes,CIMModel.processes,preconditions,ref,Condition,,ref,cross-link,
cim,cim-process-policy.emf,BusinessProcess,False,CIMModel.processes,CIMModel.processes,postconditions,ref,Condition,,ref,cross-link,
cim,cim-process-policy.emf,BusinessProcess,False,CIMModel.processes,CIMModel.processes,trigger,ref,ModelElement,,ref,cross-link,
cim,cim-root.emf,CIMModel,False,(none),(none),requirements,val,Requirement,,val,containment owner,
cim,cim-root.emf,CIMModel,False,(none),(none),requirementRelationships,val,RequirementRelationship,,val,containment owner,
cim,cim-root.emf,CIMModel,False,(none),(none),goals,val,BusinessGoal,,val,containment owner,
cim,cim-root.emf,CIMModel,False,(none),(none),kpis,val,KPI,,val,containment owner,
cim,cim-root.emf,CIMModel,False,(none),(none),stakeholders,val,Stakeholder,,val,containment owner,
cim,cim-root.emf,CIMModel,False,(none),(none),actors,val,Actor,,val,containment owner,
cim,cim-root.emf,CIMModel,False,(none),(none),roles,val,Role,,val,containment owner,
cim,cim-root.emf,CIMModel,False,(none),(none),capabilities,val,BusinessCapability,,val,containment owner,
cim,cim-root.emf,CIMModel,False,(none),(none),capabilityDependencies,val,CapabilityDependency,,val,containment owner,
cim,cim-root.emf,CIMModel,False,(none),(none),boundedContexts,val,BoundedContextCandidate,,val,containment owner,
cim,cim-root.emf,CIMModel,False,(none),(none),entities,val,DomainEntity,,val,containment owner,
cim,cim-root.emf,CIMModel,False,(none),(none),valueObjects,val,ValueObject,,val,containment owner,
cim,cim-root.emf,CIMModel,False,(none),(none),relationships,val,DomainRelationship,,val,containment owner,
cim,cim-root.emf,CIMModel,False,(none),(none),aggregates,val,AggregateCandidate,,val,containment owner,
cim,cim-root.emf,CIMModel,False,(none),(none),informationItems,val,InformationItem,,val,containment owner,
cim,cim-root.emf,CIMModel,False,(none),(none),classifications,val,DataClassification,,val,containment owner,
cim,cim-root.emf,CIMModel,False,(none),(none),commands,val,Command,,val,containment owner,
cim,cim-root.emf,CIMModel,False,(none),(none),queries,val,Query,,val,containment owner,
cim,cim-root.emf,CIMModel,False,(none),(none),events,val,BusinessEvent,,val,containment owner,
cim,cim-root.emf,CIMModel,False,(none),(none),businessErrors,val,BusinessError,,val,containment owner,
cim,cim-root.emf,CIMModel,False,(none),(none),conditions,val,Condition,,val,containment owner,
cim,cim-root.emf,CIMModel,False,(none),(none),processes,val,BusinessProcess,,val,containment owner,
cim,cim-root.emf,CIMModel,False,(none),(none),policies,val,Policy,,val,containment owner,
cim,cim-root.emf,CIMModel,False,(none),(none),decisionTables,val,DecisionTable,,val,containment owner,
cim,cim-root.emf,CIMModel,False,(none),(none),risks,val,Risk,,val,containment owner,
cim,cim-root.emf,CIMModel,False,(none),(none),assumptions,val,Assumption,,val,containment owner,
cim,cim-root.emf,CIMModel,False,(none),(none),hotspots,val,Hotspot,,val,containment owner,
cim,cim-root.emf,CIMModel,False,(none),(none),transformationProfile,val,TransformationProfile,,val,containment owner,
cim,cim-root.emf,CIMModel,False,(none),(none),traceModel,val,TraceModel,,val,containment owner,
cim,cim-root.emf,CIMModel,False,(none),(none),readiness,val,ProductionReadinessAssessment,,val,containment owner,
cim,cim-organization.emf,CapabilityDependency,False,CIMModel.capabilityDependencies,CIMModel.capabilityDependencies,,,,,ok,leaf classifier,
cim,cim-behavior.emf,Command,False,CIMModel.commands,CIMModel.commands,outcomes,val,CommandOutcome,command,val,containment owner,
cim,cim-behavior.emf,Command,False,CIMModel.commands,CIMModel.commands,issuedBy,ref,Actor,issuesCommands,ref,cross-link,
cim,cim-behavior.emf,Command,False,CIMModel.commands,CIMModel.commands,targetCapability,ref,BusinessCapability,containsCommands,ref,cross-link,
cim,cim-behavior.emf,Command,False,CIMModel.commands,CIMModel.commands,targetAggregate,ref,AggregateCandidate,,ref,cross-link,
cim,cim-behavior.emf,Command,False,CIMModel.commands,CIMModel.commands,input,ref,InformationItem,,ref,cross-link,
cim,cim-behavior.emf,Command,False,CIMModel.commands,CIMModel.commands,preconditions,ref,Condition,,ref,cross-link,
cim,cim-behavior.emf,Command,False,CIMModel.commands,CIMModel.commands,expectedEvents,ref,BusinessEvent,expectedByCommands,ref,cross-link,
cim,cim-behavior.emf,Command,False,CIMModel.commands,CIMModel.commands,rejectionEvents,ref,BusinessEvent,rejectedByCommands,ref,cross-link,
cim,cim-behavior.emf,Command,False,CIMModel.commands,CIMModel.commands,possibleErrors,ref,BusinessError,,ref,cross-link,
cim,cim-behavior.emf,CommandOutcome,False,Command.outcomes,Command.outcomes,emittedEvents,ref,BusinessEvent,,ref,cross-link,
cim,cim-behavior.emf,CommandOutcome,False,Command.outcomes,Command.outcomes,errors,ref,BusinessError,,ref,cross-link,
cim,cim-behavior.emf,CommandOutcome,False,Command.outcomes,Command.outcomes,output,ref,InformationItem,,ref,cross-link,
cim,cim-process-policy.emf,CommandStep,False,(none),(none),,,,,flag: unreachable,leaf classifier,unreachable
cim,cim-governance.emf,ComplianceConstraint,False,(none),(none),scopedElements,ref,ModelElement,,flag: unreachable,cross-link,unreachable
cim,cim-behavior.emf,Condition,False,CIMModel.conditions,CIMModel.conditions,expressionModel,val,Expression,,val,containment owner,
cim,cim-behavior.emf,Condition,False,CIMModel.conditions,CIMModel.conditions,referencedInformation,ref,InformationItem,,ref,cross-link,
cim,cim-behavior.emf,Condition,False,CIMModel.conditions,CIMModel.conditions,referencedConcepts,ref,DomainConcept,,ref,cross-link,
cim,cim-domain-data.emf,DataClassification,False,CIMModel.classifications,CIMModel.classifications,,,,,ok,leaf classifier,
cim,cim-process-policy.emf,DecisionRule,False,DecisionTable.rules; DecisionModel.rules,DecisionTable.rules; DecisionModel.rules,conditionExpression,val,Expression,,flag: multiple-containment,containment owner,multiple-containment
cim,cim-process-policy.emf,DecisionRule,False,DecisionTable.rules; DecisionModel.rules,DecisionTable.rules; DecisionModel.rules,outcomeExpression,val,Expression,,val,containment owner,multiple-containment
cim,cim-process-policy.emf,DecisionRule,False,DecisionTable.rules; DecisionModel.rules,DecisionTable.rules; DecisionModel.rules,resultingCommands,ref,Command,,ref,cross-link,multiple-containment
cim,cim-process-policy.emf,DecisionRule,False,DecisionTable.rules; DecisionModel.rules,DecisionTable.rules; DecisionModel.rules,resultingEvents,ref,BusinessEvent,,ref,cross-link,multiple-containment
cim,cim-process-policy.emf,DecisionStep,False,(none),(none),condition,ref,Condition,,flag: unreachable,cross-link,unreachable
cim,cim-process-policy.emf,DecisionStep,False,(none),(none),decisionTable,ref,DecisionTable,,ref,cross-link,unreachable
cim,cim-process-policy.emf,DecisionTable,False,CIMModel.decisionTables,CIMModel.decisionTables,rules,val,DecisionRule,,val,containment owner,
cim,cim-process-policy.emf,DecisionTable,False,CIMModel.decisionTables,CIMModel.decisionTables,inputs,ref,InformationItem,,ref,cross-link,
cim,cim-process-policy.emf,DecisionTable,False,CIMModel.decisionTables,CIMModel.decisionTables,outputs,ref,InformationItem,,ref,cross-link,
cim,cim-domain-data.emf,DomainConcept,True,(none),(none),outgoingRelationships,ref,DomainRelationship,source,flag: unreachable,cross-link,unreachable
cim,cim-domain-data.emf,DomainConcept,True,(none),(none),incomingRelationships,ref,DomainRelationship,target,ref,cross-link,unreachable
cim,cim-domain-data.emf,DomainEntity,False,CIMModel.entities,CIMModel.entities,lifecycleStates,val,LifecycleStateDefinition,,val,containment owner,
cim,cim-domain-data.emf,DomainEntity,False,CIMModel.entities,CIMModel.entities,invariants,val,BusinessInvariant,,val,containment owner,
cim,cim-domain-data.emf,DomainEntity,False,CIMModel.entities,CIMModel.entities,identityAttributes,ref,InformationItem,,ref,cross-link,
cim,cim-domain-data.emf,DomainEntity,False,CIMModel.entities,CIMModel.entities,attributes,ref,InformationItem,,ref,cross-link,
cim,cim-domain-data.emf,DomainEntity,False,CIMModel.entities,CIMModel.entities,owningCapability,ref,BusinessCapability,managesEntities,ref,cross-link,
cim,cim-domain-data.emf,DomainRelationship,False,CIMModel.relationships,CIMModel.relationships,,,,,ok,leaf classifier,
cim,cim-process-policy.emf,EndStep,False,(none),(none),,,,,flag: unreachable,leaf classifier,unreachable
cim,cim-process-policy.emf,EventStep,False,(none),(none),,,,,flag: unreachable,leaf classifier,unreachable
cim,cim-process-policy.emf,ExceptionScenario,False,BusinessProcess.exceptions,BusinessProcess.exceptions,errors,ref,BusinessError,,ref,cross-link,
cim,cim-process-policy.emf,ExceptionScenario,False,BusinessProcess.exceptions,BusinessProcess.exceptions,resultingEvents,ref,BusinessEvent,,ref,cross-link,
cim,cim-process-policy.emf,ExternalInteractionStep,False,(none),(none),exchangedInformation,ref,InformationItem,,flag: unreachable,cross-link,unreachable
cim,cim-organization.emf,ExternalSystem,False,(none),(none),exchangedInformation,ref,InformationItem,,flag: unreachable,cross-link,unreachable
cim,cim-organization.emf,ExternalSystem,False,(none),(none),producedEvents,ref,BusinessEvent,causedByExternalSystems,ref,cross-link,unreachable
cim,cim-organization.emf,ExternalSystem,False,(none),(none),consumedEvents,ref,BusinessEvent,consumedByExternalSystems,ref,cross-link,unreachable
cim,cim-transformation.emf,Hotspot,False,CIMModel.hotspots,CIMModel.hotspots,attachedTo,ref,ModelElement,,ref,cross-link,
cim,cim-process-policy.emf,HumanTaskStep,False,(none),(none),,,,,flag: unreachable,leaf classifier,unreachable
cim,cim-domain-data.emf,InformationItem,False,InformationItem.subItems; CIMModel.informationItems,InformationItem.subItems; CIMModel.informationItems,cardinality,val,Multiplicity,,flag: multiple-containment,containment owner,multiple-containment
cim,cim-domain-data.emf,InformationItem,False,InformationItem.subItems; CIMModel.informationItems,InformationItem.subItems; CIMModel.informationItems,subItems,val,InformationItem,parent,val,containment owner,multiple-containment
cim,cim-domain-data.emf,InformationItem,False,InformationItem.subItems; CIMModel.informationItems,InformationItem.subItems; CIMModel.informationItems,parent,ref,InformationItem,subItems,ref,back-pointer,multiple-containment
cim,cim-domain-data.emf,InformationItem,False,InformationItem.subItems; CIMModel.informationItems,InformationItem.subItems; CIMModel.informationItems,classification,ref,DataClassification,,ref,cross-link,multiple-containment
cim,cim-domain-data.emf,InformationItem,False,InformationItem.subItems; CIMModel.informationItems,InformationItem.subItems; CIMModel.informationItems,privacyConstraints,ref,PrivacyConstraint,dataItems,ref,cross-link,multiple-containment
cim,cim-domain-data.emf,InformationItem,False,InformationItem.subItems; CIMModel.informationItems,InformationItem.subItems; CIMModel.informationItems,complianceConstraints,ref,ComplianceConstraint,,ref,cross-link,multiple-containment
cim,cim-organization.emf,KPI,False,CIMModel.kpis,CIMModel.kpis,measures,ref,BusinessGoal,measuredBy,ref,cross-link,
cim,cim-domain-data.emf,LifecycleStateDefinition,False,DomainEntity.lifecycleStates,DomainEntity.lifecycleStates,,,,,ok,leaf classifier,
cim,cim-governance.emf,NonFunctionalRequirement,False,(none),(none),scenarios,val,QualityScenario,,flag: unreachable,containment owner,unreachable
cim,cim-governance.emf,NonFunctionalRequirement,False,(none),(none),constrainedElements,ref,ModelElement,,ref,cross-link,unreachable
cim,cim-process-policy.emf,Policy,False,CIMModel.policies,CIMModel.policies,expressionModel,val,Expression,,val,containment owner,
cim,cim-process-policy.emf,Policy,False,CIMModel.policies,CIMModel.policies,triggeredBy,ref,BusinessEvent,consumedByPolicies,ref,cross-link,
cim,cim-process-policy.emf,Policy,False,CIMModel.policies,CIMModel.policies,guards,ref,Command,,ref,cross-link,
cim,cim-process-policy.emf,Policy,False,CIMModel.policies,CIMModel.policies,constrainsQueries,ref,Query,,ref,cross-link,
cim,cim-process-policy.emf,Policy,False,CIMModel.policies,CIMModel.policies,emitsCommands,ref,Command,,ref,cross-link,
cim,cim-process-policy.emf,Policy,False,CIMModel.policies,CIMModel.policies,emitsEvents,ref,BusinessEvent,causedByPolicies,ref,cross-link,
cim,cim-process-policy.emf,Policy,False,CIMModel.policies,CIMModel.policies,decisionTable,ref,DecisionTable,,ref,cross-link,
cim,cim-process-policy.emf,PolicyStep,False,(none),(none),,,,,flag: unreachable,leaf classifier,unreachable
cim,cim-governance.emf,PrivacyConstraint,False,(none),(none),dataItems,ref,InformationItem,privacyConstraints,flag: unreachable,cross-link,unreachable
cim,cim-governance.emf,PrivacyConstraint,False,(none),(none),dataSubjects,ref,Actor,,ref,cross-link,unreachable
cim,cim-process-policy.emf,ProcessStep,True,BusinessProcess.steps,BusinessProcess.steps,responsibleRoles,ref,Role,,ref,cross-link,
cim,cim-process-policy.emf,ProcessTransition,False,BusinessProcess.transitions,BusinessProcess.transitions,condition,val,Expression,,val,containment owner,
cim,cim-process-policy.emf,ProcessTransition,False,BusinessProcess.transitions,BusinessProcess.transitions,conditionRef,ref,Condition,,ref,cross-link,
cim,cim-governance.emf,QualityScenario,False,NonFunctionalRequirement.scenarios,NonFunctionalRequirement.scenarios,,,,,ok,leaf classifier,
cim,cim-behavior.emf,Query,False,CIMModel.queries,CIMModel.queries,input,ref,InformationItem,,ref,cross-link,
cim,cim-behavior.emf,Query,False,CIMModel.queries,CIMModel.queries,output,ref,InformationItem,,ref,cross-link,
cim,cim-behavior.emf,Query,False,CIMModel.queries,CIMModel.queries,reads,ref,DomainEntity,,ref,cross-link,
cim,cim-behavior.emf,Query,False,CIMModel.queries,CIMModel.queries,issuedBy,ref,Actor,issuesQueries,ref,cross-link,
cim,cim-behavior.emf,Query,False,CIMModel.queries,CIMModel.queries,targetCapability,ref,BusinessCapability,containsQueries,ref,cross-link,
cim,cim-process-policy.emf,QueryStep,False,(none),(none),,,,,flag: unreachable,leaf classifier,unreachable
cim,cim-organization.emf,Requirement,False,CIMModel.requirements,CIMModel.requirements,acceptanceCriteria,val,AcceptanceCriterion,,val,containment owner,
cim,cim-organization.emf,Requirement,False,CIMModel.requirements,CIMModel.requirements,supportsGoals,ref,BusinessGoal,,ref,cross-link,
cim,cim-organization.emf,Requirement,False,CIMModel.requirements,CIMModel.requirements,constrains,ref,ModelElement,,ref,cross-link,
cim,cim-organization.emf,Requirement,False,CIMModel.requirements,CIMModel.requirements,dependsOn,ref,Requirement,,ref,cross-link,
cim,cim-organization.emf,Requirement,False,CIMModel.requirements,CIMModel.requirements,conflictsWith,ref,Requirement,,ref,cross-link,
cim,cim-organization.emf,RequirementRelationship,False,CIMModel.requirementRelationships,CIMModel.requirementRelationships,,,,,ok,leaf classifier,
cim,cim-transformation.emf,Risk,False,CIMModel.risks,CIMModel.risks,affectedElements,ref,ModelElement,,ref,cross-link,
cim,cim-organization.emf,Role,False,CIMModel.roles,CIMModel.roles,assignedTo,ref,Actor,playsRoles,ref,cross-link,
cim,cim-governance.emf,SecurityConstraint,False,(none),(none),constrainedActors,ref,Actor,,flag: unreachable,cross-link,unreachable
cim,cim-governance.emf,SecurityConstraint,False,(none),(none),constrainedCommands,ref,Command,,ref,cross-link,unreachable
cim,cim-governance.emf,SecurityConstraint,False,(none),(none),constrainedQueries,ref,Query,,ref,cross-link,unreachable
cim,cim-governance.emf,SecurityConstraint,False,(none),(none),constrainedInformation,ref,InformationItem,,ref,cross-link,unreachable
cim,cim-organization.emf,Stakeholder,False,CIMModel.stakeholders,CIMModel.stakeholders,ownsGoals,ref,BusinessGoal,owners,flag: owns-ref,duplicate ownership — remove,owns-ref
cim,cim-organization.emf,Stakeholder,False,CIMModel.stakeholders,CIMModel.stakeholders,providesRequirements,ref,Requirement,,ref,cross-link,owns-ref
cim,cim-process-policy.emf,StartStep,False,(none),(none),,,,,flag: unreachable,leaf classifier,unreachable
cim,cim-process-policy.emf,TemporalConstraint,False,BusinessProcess.temporalConstraints,BusinessProcess.temporalConstraints,deadline,val,Expression,,val,containment owner,
cim,cim-process-policy.emf,TemporalConstraint,False,BusinessProcess.temporalConstraints,BusinessProcess.temporalConstraints,duration,val,Expression,,val,containment owner,
cim,cim-process-policy.emf,TemporalConstraint,False,BusinessProcess.temporalConstraints,BusinessProcess.temporalConstraints,ordering,val,Expression,,val,containment owner,
cim,cim-process-policy.emf,TemporalConstraint,False,BusinessProcess.temporalConstraints,BusinessProcess.temporalConstraints,constrainedElements,ref,ModelElement,,ref,cross-link,
cim,cim-transformation.emf,TransformationProfile,False,CIMModel.transformationProfile,CIMModel.transformationProfile,requiredDecisions,ref,ManualDecision,,ref,cross-link,
cim,cim-organization.emf,UbiquitousLanguageTerm,False,BoundedContextCandidate.glossaryTerms,BoundedContextCandidate.glossaryTerms,,,,,ok,leaf classifier,
cim,cim-domain-data.emf,ValueObject,False,CIMModel.valueObjects,CIMModel.valueObjects,attributes,ref,InformationItem,,ref,cross-link,
cim,cim-domain-data.emf,ValueObject,False,CIMModel.valueObjects,CIMModel.valueObjects,equalityAttributes,ref,InformationItem,,ref,cross-link,
cim,cim-process-policy.emf,WaitStep,False,(none),(none),durationExpressionModel,val,Expression,,flag: unreachable,containment owner,unreachable
kernel,kernel.emf,Annotation,False,ModelElement.annotations,ModelElement.annotations,,,,,ok,leaf classifier,
kernel,kernel.emf,Cardinality,False,SchemaField.cardinality,SchemaField.cardinality,,,,,ok,leaf classifier,
kernel,kernel.emf,Expression,False,Condition.expressionModel; BusinessInvariant.expressionModel; WaitStep.durationExpressionModel; ProcessTransition.condition; Policy.expressionModel; DecisionRule.conditionExpression; DecisionRule.outcomeExpression; TemporalConstraint.deadline; TemporalConstraint.duration; TemporalConstraint.ordering; Trigger.filter; SchemaValidationConstraint.expression; SchemaConstraint.expressionModel; Subscription.filter; BusinessRule.expression; AlertPolicy.conditionExpression; AuthorizationPolicy.rule; ChoiceStep.condition; WaitStep.condition; WorkflowTransition.condition,Condition.expressionModel; BusinessInvariant.expressionModel; WaitStep.durationExpressionModel; ProcessTransition.condition; Policy.expressionModel; DecisionRule.conditionExpression; DecisionRule.outcomeExpression; TemporalConstraint.deadline; TemporalConstraint.duration; TemporalConstraint.ordering; Trigger.filter; SchemaValidationConstraint.expression; SchemaConstraint.expressionModel; Subscription.filter; BusinessRule.expression; AlertPolicy.conditionExpression; AuthorizationPolicy.rule; ChoiceStep.condition; WaitStep.condition; WorkflowTransition.condition,referencedElements,ref,ModelElement,,flag: multiple-containment,cross-link,multiple-containment
kernel,kernel.emf,KeyValue,False,AwsStage.parameterOverrides,AwsStage.parameterOverrides,,,,,ok,leaf classifier,
kernel,kernel.emf,ManualDecision,False,ProductionReadinessAssessment.manualDecisions,ProductionReadinessAssessment.manualDecisions,assessment,ref,ProductionReadinessAssessment,manualDecisions,ref,back-pointer,
kernel,kernel.emf,ManualDecision,False,ProductionReadinessAssessment.manualDecisions,ProductionReadinessAssessment.manualDecisions,affectedElements,ref,ModelElement,,ref,cross-link,
kernel,kernel.emf,ModelElement,True,(none),(none),annotations,val,Annotation,owner,flag: unreachable,containment owner,unreachable
kernel,kernel.emf,ModelElement,True,(none),(none),incomingTraces,ref,TraceLink,target,ref,cross-link,unreachable
kernel,kernel.emf,ModelElement,True,(none),(none),outgoingTraces,ref,TraceLink,source,ref,cross-link,unreachable
kernel,kernel.emf,Multiplicity,False,InformationItem.cardinality,InformationItem.cardinality,,,,,ok,leaf classifier,
kernel,kernel.emf,NamedModelElement,True,(none),(none),,,,,flag: unreachable,leaf classifier,unreachable
kernel,kernel.emf,ProductionReadinessAssessment,False,CIMModel.readiness; PIMModel.readiness; AwsPsmModel.readiness,CIMModel.readiness; PIMModel.readiness; AwsPsmModel.readiness,findings,val,ReadinessFinding,assessment,flag: multiple-containment,containment owner,multiple-containment
kernel,kernel.emf,ProductionReadinessAssessment,False,CIMModel.readiness; PIMModel.readiness; AwsPsmModel.readiness,CIMModel.readiness; PIMModel.readiness; AwsPsmModel.readiness,checks,val,ReadinessCheck,assessment,val,containment owner,multiple-containment
kernel,kernel.emf,ProductionReadinessAssessment,False,CIMModel.readiness; PIMModel.readiness; AwsPsmModel.readiness,CIMModel.readiness; PIMModel.readiness; AwsPsmModel.readiness,manualDecisions,val,ManualDecision,assessment,val,containment owner,multiple-containment
kernel,kernel.emf,ReadinessCheck,False,ProductionReadinessAssessment.checks,ProductionReadinessAssessment.checks,affectedElements,ref,ModelElement,,ref,cross-link,
kernel,kernel.emf,ReadinessFinding,False,ProductionReadinessAssessment.findings,ProductionReadinessAssessment.findings,affectedElements,ref,ModelElement,,ref,cross-link,
kernel,kernel.emf,SemanticRelationship,True,(none),(none),,,,,flag: unreachable,leaf classifier,unreachable
kernel,kernel.emf,StructuredDocument,False,AwsPsmModel.documents,AwsPsmModel.documents,,,,,ok,leaf classifier,
kernel,kernel.emf,TraceLink,False,TraceModel.links,TraceModel.links,source,ref,ModelElement,outgoingTraces,ref,cross-link,
kernel,kernel.emf,TraceLink,False,TraceModel.links,TraceModel.links,target,ref,ModelElement,incomingTraces,ref,cross-link,
kernel,kernel.emf,TraceModel,False,CIMModel.traceModel; PIMModel.traceModel; AwsPsmModel.traceModel,CIMModel.traceModel; PIMModel.traceModel; AwsPsmModel.traceModel,links,val,TraceLink,traceModel,flag: multiple-containment,containment owner,multiple-containment
kernel,kernel.emf,TraceableElement,True,(none),(none),,,,,flag: unreachable,leaf classifier,unreachable
kernel,kernel.emf,TransformationAssumption,True,(none),(none),,,,,flag: unreachable,leaf classifier,unreachable
pim,pim-data.emf,AccessPattern,False,DataStore.accessPatterns,DataStore.accessPatterns,usedByFunctions,ref,FunctionTarget,,ref,cross-link,
pim,pim-data.emf,AccessPattern,False,DataStore.accessPatterns,DataStore.accessPatterns,exposedByRoutes,ref,RouteEndpoint,,ref,cross-link,
pim,pim-policy.emf,AlertPolicy,False,ObservabilityConfig.alerts,ObservabilityConfig.alerts,conditionExpression,val,Expression,,val,containment owner,
pim,pim-api.emf,Api,False,ServerlessService.apis,ServerlessService.apis,routes,val,ApiRoute,api,val,containment owner,
pim,pim-api.emf,Api,False,ServerlessService.apis,ServerlessService.apis,contract,val,ApiContract,,val,containment owner,
pim,pim-api.emf,Api,False,ServerlessService.apis,ServerlessService.apis,auth,ref,AuthPolicy,,ref,cross-link,
pim,pim-api.emf,Api,False,ServerlessService.apis,ServerlessService.apis,cors,ref,CorsPolicy,,ref,cross-link,
pim,pim-api.emf,Api,False,ServerlessService.apis,ServerlessService.apis,rateLimit,ref,RateLimitPolicy,,ref,cross-link,
pim,pim-api.emf,Api,False,ServerlessService.apis,ServerlessService.apis,observability,ref,ObservabilityConfig,,ref,cross-link,
pim,pim-contracts.emf,ApiContract,False,Api.contract,Api.contract,requestSchemas,ref,Schema,,ref,cross-link,
pim,pim-contracts.emf,ApiContract,False,Api.contract,Api.contract,responseSchemas,ref,Schema,,ref,cross-link,
pim,pim-contracts.emf,ApiContract,False,Api.contract,Api.contract,errorSchemas,ref,Schema,,ref,cross-link,
pim,pim-api.emf,ApiRoute,False,Api.routes,Api.routes,errorMappings,val,ErrorMapping,apiRoute,val,containment owner,
pim,pim-api.emf,ApiRoute,False,Api.routes,Api.routes,requestSchema,ref,Schema,,ref,cross-link,
pim,pim-api.emf,ApiRoute,False,Api.routes,Api.routes,responseSchema,ref,Schema,,ref,cross-link,
pim,pim-api.emf,ApiRoute,False,Api.routes,Api.routes,functionIntegration,ref,Function,,ref,cross-link,
pim,pim-api.emf,ApiRoute,False,Api.routes,Api.routes,workflowIntegration,ref,Workflow,,ref,cross-link,
pim,pim-api.emf,ApiRoute,False,Api.routes,Api.routes,authorization,ref,AuthorizationPolicy,,ref,cross-link,
pim,pim-api.emf,ApiRoute,False,Api.routes,Api.routes,timeout,ref,TimeoutPolicy,,ref,cross-link,
pim,pim-workflow.emf,ApprovalTask,False,(none),(none),,,,,flag: unreachable,leaf classifier,unreachable
pim,pim-policy.emf,ArchitecturePolicy,True,PIMModel.policies,PIMModel.policies,attachedTo,ref,PolicyTarget,,ref,cross-link,
pim,pim-security.emf,AuthPolicy,False,(none),(none),identityProvider,ref,IdentityProvider,,flag: unreachable,cross-link,unreachable
pim,pim-security.emf,AuthorizationPolicy,False,(none),(none),rule,val,Expression,,flag: unreachable,containment owner,unreachable
pim,pim-security.emf,AuthorizationPolicy,False,(none),(none),allowedPrincipals,ref,Principal,,ref,cross-link,unreachable
pim,pim-security.emf,AuthorizationPolicy,False,(none),(none),permissions,ref,Permission,,ref,cross-link,unreachable
pim,pim-policy.emf,BackupPolicy,False,(none),(none),,,,,flag: unreachable,leaf classifier,unreachable
pim,pim-policy.emf,BatchPolicy,False,(none),(none),,,,,flag: unreachable,leaf classifier,unreachable
pim,pim-policy.emf,BusinessRule,False,PIMModel.businessRules,PIMModel.businessRules,expression,val,Expression,,val,containment owner,
pim,pim-policy.emf,BusinessRule,False,PIMModel.businessRules,PIMModel.businessRules,inputSchemas,ref,Schema,,ref,cross-link,
pim,pim-policy.emf,BusinessRule,False,PIMModel.businessRules,PIMModel.businessRules,outputSchemas,ref,Schema,,ref,cross-link,
pim,pim-policy.emf,BusinessRule,False,PIMModel.businessRules,PIMModel.businessRules,enforcedBy,ref,FunctionTarget,,ref,cross-link,
pim,pim-policy.emf,CachePolicy,False,(none),(none),,,,,flag: unreachable,leaf classifier,unreachable
pim,pim-workflow.emf,CallbackTaskConfig,False,TaskStep.callbackConfig,TaskStep.callbackConfig,callbackRoute,ref,RouteEndpoint,,ref,cross-link,
pim,pim-workflow.emf,CallbackTaskConfig,False,TaskStep.callbackConfig,TaskStep.callbackConfig,completionEvents,ref,EventType,,ref,cross-link,
pim,pim-workflow.emf,CallbackTaskConfig,False,TaskStep.callbackConfig,TaskStep.callbackConfig,timeout,ref,TimeoutPolicy,,ref,cross-link,
pim,pim-workflow.emf,ChoiceStep,False,(none),(none),condition,val,Expression,,flag: unreachable,containment owner,unreachable
pim,pim-workflow.emf,ChoiceStep,False,(none),(none),invokesFunction,ref,Function,,ref,cross-link,unreachable
pim,pim-workflow.emf,CompensationPolicy,False,(none),(none),compensationFunctions,ref,Function,,flag: unreachable,cross-link,unreachable
pim,pim-workflow.emf,CompensationPolicy,False,(none),(none),compensationEvents,ref,EventType,,ref,cross-link,unreachable
pim,pim-policy.emf,CompliancePolicy,False,(none),(none),,,,,flag: unreachable,leaf classifier,unreachable
pim,pim-compute.emf,ComputeElement,True,(none),(none),,,,,flag: unreachable,leaf classifier,unreachable
pim,pim-policy.emf,ConcurrencyPolicy,False,(none),(none),,,,,flag: unreachable,leaf classifier,unreachable
pim,pim-config.emf,ConfigParameter,False,ConfigurationSet.parameters,ConfigurationSet.parameters,,,,,ok,leaf classifier,
pim,pim-config.emf,ConfigurationSet,False,PIMModel.configurations,PIMModel.configurations,parameters,val,ConfigParameter,configurationSet,val,containment owner,
pim,pim-config.emf,ConfigurationSet,False,PIMModel.configurations,PIMModel.configurations,environmentVariables,val,EnvironmentVariable,configurationSet,val,containment owner,
pim,pim-config.emf,ConfigurationSet,False,PIMModel.configurations,PIMModel.configurations,environments,ref,EnvironmentTarget,,ref,cross-link,
pim,pim-config.emf,ConfigurationSet,False,PIMModel.configurations,PIMModel.configurations,appliesTo,ref,ConfigurableElement,,ref,cross-link,
pim,pim-policy.emf,CorsPolicy,False,(none),(none),,,,,flag: unreachable,leaf classifier,unreachable
pim,pim-policy.emf,CostPolicy,False,(none),(none),,,,,flag: unreachable,leaf classifier,unreachable
pim,pim-config.emf,CredentialRequirement,False,ExternalAdapter.credentials,ExternalAdapter.credentials,secret,ref,Secret,usedForCredentials,ref,cross-link,
pim,pim-data.emf,DataAccess,False,PIMModel.dataAccesses,PIMModel.dataAccesses,dataModels,ref,DataModel,,ref,cross-link,
pim,pim-data.emf,DataAccess,False,PIMModel.dataAccesses,PIMModel.dataAccesses,accessPatterns,ref,AccessPattern,,ref,cross-link,
pim,pim-data.emf,DataChangeStream,False,DataStore.changeStream,DataStore.changeStream,emittedEvents,ref,EventType,,ref,cross-link,
pim,pim-data.emf,DataField,False,DataModel.storageFields,DataModel.storageFields,,,,,ok,leaf classifier,
pim,pim-data.emf,DataModel,False,DataStore.ownedDataModels,DataStore.ownedDataModels,storageFields,val,DataField,dataModel,val,containment owner,
pim,pim-data.emf,DataModel,False,DataStore.ownedDataModels,DataStore.ownedDataModels,accessPatterns,ref,AccessPattern,,ref,cross-link,
pim,pim-policy.emf,DataProtectionPolicy,False,(none),(none),,,,,flag: unreachable,leaf classifier,unreachable
pim,pim-policy.emf,DataQualityPolicy,False,(none),(none),,,,,flag: unreachable,leaf classifier,unreachable
pim,pim-data.emf,DataStore,False,(none),(none),ownedDataModels,val,DataModel,dataStore,flag: unreachable,containment owner,unreachable
pim,pim-data.emf,DataStore,False,(none),(none),accessPatterns,val,AccessPattern,dataStore,val,containment owner,unreachable
pim,pim-data.emf,DataStore,False,(none),(none),indexCandidates,val,IndexCandidate,dataStore,val,containment owner,unreachable
pim,pim-data.emf,DataStore,False,(none),(none),changeStream,val,DataChangeStream,dataStore,val,containment owner,unreachable
pim,pim-policy.emf,DeadLetterPolicy,False,ResiliencePolicy.deadLetter,ResiliencePolicy.deadLetter,deadLetterChannel,ref,EventCarrier,,ref,cross-link,
pim,pim-policy.emf,DecisionModel,False,PIMModel.decisionModels,PIMModel.decisionModels,rules,val,DecisionRule,,val,containment owner,
pim,pim-policy.emf,DecisionModel,False,PIMModel.decisionModels,PIMModel.decisionModels,inputs,ref,Schema,,ref,cross-link,
pim,pim-policy.emf,DecisionModel,False,PIMModel.decisionModels,PIMModel.decisionModels,outputs,ref,Schema,,ref,cross-link,
pim,pim-policy.emf,DecisionRule,False,DecisionTable.rules; DecisionModel.rules,DecisionTable.rules; DecisionModel.rules,,,,,flag: multiple-containment,leaf classifier,multiple-containment
pim,pim-deployment.emf,DeploymentUnit,False,PIMModel.deploymentUnits,PIMModel.deploymentUnits,services,ref,ServerlessService,,ref,cross-link,
pim,pim-deployment.emf,DeploymentUnit,False,PIMModel.deploymentUnits,PIMModel.deploymentUnits,contains,ref,DeployableElement,,ref,cross-link,
pim,pim-deployment.emf,DeploymentUnit,False,PIMModel.deploymentUnits,PIMModel.deploymentUnits,targetEnvironments,ref,Environment,,ref,cross-link,
pim,pim-deployment.emf,Environment,False,PIMModel.environments,PIMModel.environments,configurationSets,ref,ConfigurationSet,,ref,cross-link,
pim,pim-deployment.emf,Environment,False,PIMModel.environments,PIMModel.environments,parameters,ref,ConfigParameter,,ref,cross-link,
pim,pim-deployment.emf,Environment,False,PIMModel.environments,PIMModel.environments,variables,ref,EnvironmentVariable,,ref,cross-link,
pim,pim-config.emf,EnvironmentVariable,False,ConfigurationSet.environmentVariables,ConfigurationSet.environmentVariables,parameter,ref,ConfigParameter,,ref,cross-link,
pim,pim-config.emf,EnvironmentVariable,False,ConfigurationSet.environmentVariables,ConfigurationSet.environmentVariables,secret,ref,Secret,,ref,cross-link,
pim,pim-workflow.emf,ErrorHandler,False,WorkflowStep.catchHandlers,WorkflowStep.catchHandlers,nextStep,ref,WorkflowStep,,ref,cross-link,
pim,pim-workflow.emf,ErrorHandler,False,WorkflowStep.catchHandlers,WorkflowStep.catchHandlers,handlerFunction,ref,Function,,ref,cross-link,
pim,pim-api.emf,ErrorMapping,False,ApiRoute.errorMappings,ApiRoute.errorMappings,errorSchema,ref,Schema,,ref,cross-link,
pim,pim-workflow.emf,EscalationPolicy,False,PIMModel.escalationPolicies,PIMModel.escalationPolicies,escalateTo,ref,Principal,,ref,cross-link,
pim,pim-integration.emf,EventBus,False,(none),(none),routingRules,val,EventRoutingRule,eventBus,flag: unreachable,containment owner,unreachable
pim,pim-integration.emf,EventChannel,True,ServerlessService.channels,ServerlessService.channels,eventTypes,ref,EventType,,ref,cross-link,
pim,pim-integration.emf,EventChannel,True,ServerlessService.channels,ServerlessService.channels,producers,ref,Function,,ref,cross-link,
pim,pim-integration.emf,EventChannel,True,ServerlessService.channels,ServerlessService.channels,consumers,ref,Function,,ref,cross-link,
pim,pim-integration.emf,EventChannel,True,ServerlessService.channels,ServerlessService.channels,workflowConsumers,ref,Workflow,,ref,cross-link,
pim,pim-integration.emf,EventChannel,True,ServerlessService.channels,ServerlessService.channels,externalProducers,ref,ExternalAdapter,,ref,cross-link,
pim,pim-integration.emf,EventChannel,True,ServerlessService.channels,ServerlessService.channels,externalConsumers,ref,ExternalAdapter,,ref,cross-link,
pim,pim-integration.emf,EventChannel,True,ServerlessService.channels,ServerlessService.channels,resilience,ref,ResiliencePolicy,,ref,cross-link,
pim,pim-integration.emf,EventChannel,True,ServerlessService.channels,ServerlessService.channels,observability,ref,ObservabilityConfig,,ref,cross-link,
pim,pim-contracts.emf,EventEnvelope,False,EventType.envelope,EventType.envelope,,,,,ok,leaf classifier,
pim,pim-integration.emf,EventFlow,False,(none),(none),,,,,flag: unreachable,leaf classifier,unreachable
pim,pim-integration.emf,EventRoutingRule,False,EventBus.routingRules,EventBus.routingRules,eventTypes,ref,EventType,,ref,cross-link,
pim,pim-integration.emf,EventRoutingRule,False,EventBus.routingRules,EventBus.routingRules,targets,ref,RoutingTarget,,ref,cross-link,
pim,pim-integration.emf,EventRoutingRule,False,EventBus.routingRules,EventBus.routingRules,resilience,ref,ResiliencePolicy,,ref,cross-link,
pim,pim-contracts.emf,EventType,False,PIMModel.eventTypes,PIMModel.eventTypes,envelope,val,EventEnvelope,,val,containment owner,
pim,pim-contracts.emf,EventType,False,PIMModel.eventTypes,PIMModel.eventTypes,producedBy,ref,FunctionTarget,,ref,cross-link,
pim,pim-contracts.emf,EventType,False,PIMModel.eventTypes,PIMModel.eventTypes,consumedBy,ref,FunctionTarget,,ref,cross-link,
pim,pim-external.emf,ExternalAdapter,False,ServerlessService.adapters,ServerlessService.adapters,credentials,val,CredentialRequirement,,val,containment owner,
pim,pim-external.emf,ExternalAdapter,False,ServerlessService.adapters,ServerlessService.adapters,adapterFunctions,ref,FunctionTarget,,ref,cross-link,
pim,pim-external.emf,ExternalAdapter,False,ServerlessService.adapters,ServerlessService.adapters,resilience,ref,ResiliencePolicy,,ref,cross-link,
pim,pim-external.emf,ExternalAdapter,False,ServerlessService.adapters,ServerlessService.adapters,observability,ref,ObservabilityConfig,,ref,cross-link,
pim,pim-external.emf,ExternalAdapter,False,ServerlessService.adapters,ServerlessService.adapters,idempotency,ref,IdempotencyPolicy,,ref,cross-link,
pim,pim-external.emf,ExternalEndpoint,False,PIMModel.externalEndpoints,PIMModel.externalEndpoints,,,,,ok,leaf classifier,
pim,pim-integration.emf,ExternalIntegrationFlow,False,(none),(none),,,,,flag: unreachable,leaf classifier,unreachable
pim,pim-workflow.emf,FailureEndStep,False,(none),(none),,,,,flag: unreachable,leaf classifier,unreachable
pim,pim-integration.emf,Flow,True,PIMModel.flows,PIMModel.flows,resilience,ref,ResiliencePolicy,,ref,cross-link,
pim,pim-integration.emf,Flow,True,PIMModel.flows,PIMModel.flows,observability,ref,ObservabilityConfig,,ref,cross-link,
pim,pim-integration.emf,Flow,True,PIMModel.flows,PIMModel.flows,policies,ref,ArchitecturePolicy,,ref,cross-link,
pim,pim-compute.emf,Function,False,ServerlessService.functions,ServerlessService.functions,triggers,val,Trigger,function,val,containment owner,
pim,pim-compute.emf,Function,False,ServerlessService.functions,ServerlessService.functions,reads,ref,StorageElement,,ref,cross-link,
pim,pim-compute.emf,Function,False,ServerlessService.functions,ServerlessService.functions,writes,ref,StorageElement,,ref,cross-link,
pim,pim-compute.emf,Function,False,ServerlessService.functions,ServerlessService.functions,publishes,ref,EventType,,ref,cross-link,
pim,pim-compute.emf,Function,False,ServerlessService.functions,ServerlessService.functions,subscribesTo,ref,EventType,,ref,cross-link,
pim,pim-compute.emf,Function,False,ServerlessService.functions,ServerlessService.functions,callsAdapters,ref,ExternalAdapter,,ref,cross-link,
pim,pim-compute.emf,Function,False,ServerlessService.functions,ServerlessService.functions,usesSecrets,ref,Secret,,ref,cross-link,
pim,pim-compute.emf,Function,False,ServerlessService.functions,ServerlessService.functions,environmentVariables,ref,EnvironmentVariable,,ref,cross-link,
pim,pim-compute.emf,Function,False,ServerlessService.functions,ServerlessService.functions,idempotency,ref,IdempotencyPolicy,,ref,cross-link,
pim,pim-compute.emf,Function,False,ServerlessService.functions,ServerlessService.functions,timeout,ref,TimeoutPolicy,,ref,cross-link,
pim,pim-compute.emf,Function,False,ServerlessService.functions,ServerlessService.functions,resilience,ref,ResiliencePolicy,,ref,cross-link,
pim,pim-compute.emf,Function,False,ServerlessService.functions,ServerlessService.functions,concurrency,ref,ConcurrencyPolicy,,ref,cross-link,
pim,pim-compute.emf,Function,False,ServerlessService.functions,ServerlessService.functions,observability,ref,ObservabilityConfig,,ref,cross-link,
pim,pim-compute.emf,Function,False,ServerlessService.functions,ServerlessService.functions,securityPolicies,ref,SecurityPolicy,,ref,cross-link,
pim,pim-contracts.emf,FunctionContract,False,(none),(none),inputSchema,ref,Schema,,flag: unreachable,cross-link,unreachable
pim,pim-contracts.emf,FunctionContract,False,(none),(none),outputSchema,ref,Schema,,ref,cross-link,unreachable
pim,pim-contracts.emf,FunctionContract,False,(none),(none),errorSchemas,ref,Schema,,ref,cross-link,unreachable
pim,pim-contracts.emf,FunctionContract,False,(none),(none),emittedEvents,ref,EventType,,ref,cross-link,unreachable
pim,pim-workflow.emf,HumanTask,False,PIMModel.humanTasks,PIMModel.humanTasks,assignees,ref,Principal,,ref,cross-link,
pim,pim-workflow.emf,HumanTask,False,PIMModel.humanTasks,PIMModel.humanTasks,timeout,ref,TimeoutPolicy,,ref,cross-link,
pim,pim-workflow.emf,HumanTask,False,PIMModel.humanTasks,PIMModel.humanTasks,escalation,ref,EscalationPolicy,,ref,cross-link,
pim,pim-workflow.emf,HumanTask,False,PIMModel.humanTasks,PIMModel.humanTasks,completionEvents,ref,EventType,,ref,cross-link,
pim,pim-policy.emf,IdempotencyPolicy,False,(none),(none),,,,,flag: unreachable,leaf classifier,unreachable
pim,pim-security.emf,IdentityProvider,False,PIMModel.identityProviders,PIMModel.identityProviders,principals,ref,Principal,,ref,cross-link,
pim,pim-deployment.emf,ImplementationProfile,False,PIMModel.implementationProfile,PIMModel.implementationProfile,,,,,ok,leaf classifier,
pim,pim-data.emf,IndexCandidate,False,DataStore.indexCandidates,DataStore.indexCandidates,supportsAccessPatterns,ref,AccessPattern,,ref,cross-link,
pim,pim-integration.emf,IntegrationElement,True,(none),(none),,,,,flag: unreachable,leaf classifier,unreachable
pim,pim-policy.emf,LoggingPolicy,False,ObservabilityConfig.logging,ObservabilityConfig.logging,,,,,ok,leaf classifier,
pim,pim-workflow.emf,MapStateConfig,False,MapStep.mapConfig,MapStep.mapConfig,,,,,ok,leaf classifier,
pim,pim-workflow.emf,MapStep,False,(none),(none),mapConfig,val,MapStateConfig,,flag: unreachable,containment owner,unreachable
pim,pim-integration.emf,MessageFlow,False,(none),(none),,,,,flag: unreachable,leaf classifier,unreachable
pim,pim-policy.emf,MetricDimension,False,MetricPolicy.dimensions; CloudWatchMetricTransformation.dimensions; CloudWatchAlarm.dimensions,MetricPolicy.dimensions; CloudWatchMetricTransformation.dimensions; CloudWatchAlarm.dimensions,,,,,flag: multiple-containment,leaf classifier,multiple-containment
pim,pim-policy.emf,MetricPolicy,False,ObservabilityConfig.metrics,ObservabilityConfig.metrics,dimensions,val,MetricDimension,metric,val,containment owner,
pim,pim-data.emf,ObjectNotificationRule,False,ObjectStore.notificationRules,ObjectStore.notificationRules,emittedEvents,ref,EventType,,ref,cross-link,
pim,pim-data.emf,ObjectNotificationRule,False,ObjectStore.notificationRules,ObjectStore.notificationRules,targets,ref,RoutingTarget,,ref,cross-link,
pim,pim-data.emf,ObjectStore,False,(none),(none),notificationRules,val,ObjectNotificationRule,objectStore,flag: unreachable,containment owner,unreachable
pim,pim-data.emf,ObjectStore,False,(none),(none),objectMetadataSchemas,ref,Schema,,ref,cross-link,unreachable
pim,pim-data.emf,ObjectStore,False,(none),(none),emittedEvents,ref,EventType,,ref,cross-link,unreachable
pim,pim-policy.emf,ObservabilityConfig,False,(none),(none),logging,val,LoggingPolicy,,flag: unreachable,containment owner,unreachable
pim,pim-policy.emf,ObservabilityConfig,False,(none),(none),metrics,val,MetricPolicy,observability,val,containment owner,unreachable
pim,pim-policy.emf,ObservabilityConfig,False,(none),(none),tracing,val,TracingPolicy,,val,containment owner,unreachable
pim,pim-policy.emf,ObservabilityConfig,False,(none),(none),alerts,val,AlertPolicy,observability,val,containment owner,unreachable
pim,pim-policy.emf,ObservabilityConfig,False,(none),(none),slos,val,Slo,observability,val,containment owner,unreachable
pim,pim-integration.emf,OrchestrationFlow,False,(none),(none),,,,,flag: unreachable,leaf classifier,unreachable
pim,pim-policy.emf,OrderingPolicy,False,(none),(none),,,,,flag: unreachable,leaf classifier,unreachable
pim,pim-root.emf,PIMModel,False,(none),(none),services,val,ServerlessService,,val,containment owner,
pim,pim-root.emf,PIMModel,False,(none),(none),serviceMemberships,val,ServiceElementMembership,,val,containment owner,
pim,pim-root.emf,PIMModel,False,(none),(none),deploymentUnits,val,DeploymentUnit,,val,containment owner,
pim,pim-root.emf,PIMModel,False,(none),(none),environments,val,Environment,,val,containment owner,
pim,pim-root.emf,PIMModel,False,(none),(none),implementationProfile,val,ImplementationProfile,,val,containment owner,
pim,pim-root.emf,PIMModel,False,(none),(none),platformCapabilities,val,PlatformCapability,,val,containment owner,
pim,pim-root.emf,PIMModel,False,(none),(none),platformMappingAssessments,val,PlatformMappingAssessment,,val,containment owner,
pim,pim-root.emf,PIMModel,False,(none),(none),schemas,val,Schema,,val,containment owner,
pim,pim-root.emf,PIMModel,False,(none),(none),eventTypes,val,EventType,,val,containment owner,
pim,pim-root.emf,PIMModel,False,(none),(none),businessRules,val,BusinessRule,,val,containment owner,
pim,pim-root.emf,PIMModel,False,(none),(none),decisionModels,val,DecisionModel,,val,containment owner,
pim,pim-root.emf,PIMModel,False,(none),(none),policies,val,ArchitecturePolicy,,val,containment owner,
pim,pim-root.emf,PIMModel,False,(none),(none),flows,val,Flow,,val,containment owner,
pim,pim-root.emf,PIMModel,False,(none),(none),dataAccesses,val,DataAccess,,val,containment owner,
pim,pim-root.emf,PIMModel,False,(none),(none),humanTasks,val,HumanTask,,val,containment owner,
pim,pim-root.emf,PIMModel,False,(none),(none),escalationPolicies,val,EscalationPolicy,,val,containment owner,
pim,pim-root.emf,PIMModel,False,(none),(none),externalEndpoints,val,ExternalEndpoint,,val,containment owner,
pim,pim-root.emf,PIMModel,False,(none),(none),identityProviders,val,IdentityProvider,,val,containment owner,
pim,pim-root.emf,PIMModel,False,(none),(none),principals,val,Principal,,val,containment owner,
pim,pim-root.emf,PIMModel,False,(none),(none),configurations,val,ConfigurationSet,,val,containment owner,
pim,pim-root.emf,PIMModel,False,(none),(none),secrets,val,Secret,,val,containment owner,
pim,pim-root.emf,PIMModel,False,(none),(none),traceModel,val,TraceModel,,val,containment owner,
pim,pim-root.emf,PIMModel,False,(none),(none),readiness,val,ProductionReadinessAssessment,,val,containment owner,
pim,pim-workflow.emf,ParallelBranch,False,ParallelStep.branches,ParallelStep.branches,steps,val,WorkflowStep,,val,containment owner,
pim,pim-workflow.emf,ParallelBranch,False,ParallelStep.branches,ParallelStep.branches,transitions,val,WorkflowTransition,,val,containment owner,
pim,pim-workflow.emf,ParallelStep,False,(none),(none),branches,val,ParallelBranch,ownerStep,flag: unreachable,containment owner,unreachable
pim,pim-workflow.emf,PassStep,False,(none),(none),,,,,flag: unreachable,leaf classifier,unreachable
pim,pim-security.emf,Permission,False,Principal.permissions,Principal.permissions,,,,,ok,leaf classifier,
pim,pim-deployment.emf,PlatformCapability,False,PIMModel.platformCapabilities,PIMModel.platformCapabilities,supportedPimConcepts,ref,ModelElement,,ref,cross-link,
pim,pim-deployment.emf,PlatformMappingAssessment,False,PIMModel.platformMappingAssessments,PIMModel.platformMappingAssessments,,,,,ok,leaf classifier,
pim,pim-policy.emf,PolicySetting,True,(none),(none),,,,,flag: unreachable,leaf classifier,unreachable
pim,pim-security.emf,Principal,False,PIMModel.principals,PIMModel.principals,permissions,val,Permission,principal,val,containment owner,
pim,pim-integration.emf,PubSubFlow,False,(none),(none),subscriptions,ref,Subscription,,flag: unreachable,cross-link,unreachable
pim,pim-integration.emf,Queue,False,(none),(none),deadLetterChannel,ref,Queue,,flag: unreachable,cross-link,unreachable
pim,pim-integration.emf,Queue,False,(none),(none),batchPolicy,ref,BatchPolicy,,ref,cross-link,unreachable
pim,pim-policy.emf,RateLimitPolicy,False,(none),(none),,,,,flag: unreachable,leaf classifier,unreachable
pim,pim-integration.emf,RequestResponseFlow,False,(none),(none),,,,,flag: unreachable,leaf classifier,unreachable
pim,pim-policy.emf,ResiliencePolicy,False,(none),(none),retry,val,RetryPolicy,,flag: unreachable,containment owner,unreachable
pim,pim-policy.emf,ResiliencePolicy,False,(none),(none),deadLetter,val,DeadLetterPolicy,,val,containment owner,unreachable
pim,pim-policy.emf,ResiliencePolicy,False,(none),(none),timeout,ref,TimeoutPolicy,,ref,cross-link,unreachable
pim,pim-policy.emf,RetentionPolicy,False,(none),(none),,,,,flag: unreachable,leaf classifier,unreachable
pim,pim-policy.emf,RetryPolicy,False,ResiliencePolicy.retry; WorkflowStep.retry,ResiliencePolicy.retry; WorkflowStep.retry,,,,,flag: multiple-containment,leaf classifier,multiple-containment
pim,pim-integration.emf,Schedule,False,ServerlessService.schedules,ServerlessService.schedules,targets,ref,RoutingTarget,,ref,cross-link,
pim,pim-contracts.emf,Schema,False,PIMModel.schemas,PIMModel.schemas,fields,val,SchemaField,ownerSchema,val,containment owner,
pim,pim-contracts.emf,Schema,False,PIMModel.schemas,PIMModel.schemas,constraints,val,SchemaConstraint,ownerSchema,val,containment owner,
pim,pim-contracts.emf,SchemaConstraint,False,Schema.constraints,Schema.constraints,expressionModel,val,Expression,,val,containment owner,
pim,pim-contracts.emf,SchemaEnumLiteral,False,SchemaField.enumValues,SchemaField.enumValues,,,,,ok,leaf classifier,
pim,pim-contracts.emf,SchemaField,False,Schema.fields; SchemaField.arrayItem; SchemaField.mapValue,Schema.fields; SchemaField.arrayItem; SchemaField.mapValue,cardinality,val,Cardinality,,flag: multiple-containment,containment owner,multiple-containment
pim,pim-contracts.emf,SchemaField,False,Schema.fields; SchemaField.arrayItem; SchemaField.mapValue,Schema.fields; SchemaField.arrayItem; SchemaField.mapValue,enumValues,val,SchemaEnumLiteral,field,val,containment owner,multiple-containment
pim,pim-contracts.emf,SchemaField,False,Schema.fields; SchemaField.arrayItem; SchemaField.mapValue,Schema.fields; SchemaField.arrayItem; SchemaField.mapValue,constraints,val,SchemaValidationConstraint,,val,containment owner,multiple-containment
pim,pim-contracts.emf,SchemaField,False,Schema.fields; SchemaField.arrayItem; SchemaField.mapValue,Schema.fields; SchemaField.arrayItem; SchemaField.mapValue,arrayItem,val,SchemaField,,val,containment owner,multiple-containment
pim,pim-contracts.emf,SchemaField,False,Schema.fields; SchemaField.arrayItem; SchemaField.mapValue,Schema.fields; SchemaField.arrayItem; SchemaField.mapValue,mapValue,val,SchemaField,,val,containment owner,multiple-containment
pim,pim-contracts.emf,SchemaField,False,Schema.fields; SchemaField.arrayItem; SchemaField.mapValue,Schema.fields; SchemaField.arrayItem; SchemaField.mapValue,objectSchema,ref,Schema,,ref,cross-link,multiple-containment
pim,pim-contracts.emf,SchemaValidationConstraint,False,SchemaField.constraints,SchemaField.constraints,expression,val,Expression,,val,containment owner,
pim,pim-config.emf,Secret,False,PIMModel.secrets,PIMModel.secrets,usedForCredentials,ref,CredentialRequirement,secret,ref,cross-link,
pim,pim-security.emf,SecurityPolicy,False,(none),(none),,,,,flag: unreachable,leaf classifier,unreachable
pim,pim-deployment.emf,ServerlessService,False,PIMModel.services,PIMModel.services,functions,val,Function,service,val,containment owner,
pim,pim-deployment.emf,ServerlessService,False,PIMModel.services,PIMModel.services,apis,val,Api,service,val,containment owner,
pim,pim-deployment.emf,ServerlessService,False,PIMModel.services,PIMModel.services,channels,val,EventChannel,service,val,containment owner,
pim,pim-deployment.emf,ServerlessService,False,PIMModel.services,PIMModel.services,schedules,val,Schedule,service,val,containment owner,
pim,pim-deployment.emf,ServerlessService,False,PIMModel.services,PIMModel.services,stores,val,StorageElement,service,val,containment owner,
pim,pim-deployment.emf,ServerlessService,False,PIMModel.services,PIMModel.services,workflows,val,Workflow,service,val,containment owner,
pim,pim-deployment.emf,ServerlessService,False,PIMModel.services,PIMModel.services,adapters,val,ExternalAdapter,service,val,containment owner,
pim,pim-deployment.emf,ServerlessService,False,PIMModel.services,PIMModel.services,constrainedBy,ref,ArchitecturePolicy,,ref,cross-link,
pim,pim-deployment.emf,ServiceElementMembership,False,PIMModel.serviceMemberships,PIMModel.serviceMemberships,,,,,ok,leaf classifier,
pim,pim-policy.emf,Slo,False,ObservabilityConfig.slos,ObservabilityConfig.slos,,,,,ok,leaf classifier,
pim,pim-workflow.emf,StartStep,False,(none),(none),compensation,ref,CompensationPolicy,,flag: unreachable,cross-link,unreachable
pim,pim-data.emf,StorageElement,True,ServerlessService.stores,ServerlessService.stores,retentionPolicy,ref,RetentionPolicy,,ref,cross-link,
pim,pim-data.emf,StorageElement,True,ServerlessService.stores,ServerlessService.stores,backupPolicy,ref,BackupPolicy,,ref,cross-link,
pim,pim-data.emf,StorageElement,True,ServerlessService.stores,ServerlessService.stores,dataProtectionPolicies,ref,DataProtectionPolicy,,ref,cross-link,
pim,pim-integration.emf,Subscription,False,Topic.subscriptions,Topic.subscriptions,filter,val,Expression,,val,containment owner,
pim,pim-workflow.emf,SuccessEndStep,False,(none),(none),,,,,flag: unreachable,leaf classifier,unreachable
pim,pim-workflow.emf,TaskStep,False,(none),(none),invokesFunction,ref,Function,,flag: unreachable,cross-link,unreachable
pim,pim-workflow.emf,TaskStep,False,(none),(none),invokesAdapter,ref,ExternalAdapter,,ref,cross-link,unreachable
pim,pim-workflow.emf,TaskStep,False,(none),(none),nestedWorkflow,ref,Workflow,,ref,cross-link,unreachable
pim,pim-workflow.emf,TaskStep,False,(none),(none),humanTask,ref,HumanTask,,ref,cross-link,unreachable
pim,pim-workflow.emf,TaskStep,False,(none),(none),compensation,ref,CompensationPolicy,,ref,cross-link,unreachable
pim,pim-workflow.emf,TaskStep,False,(none),(none),callbackConfig,val,CallbackTaskConfig,,val,containment owner,unreachable
pim,pim-policy.emf,TimeoutPolicy,False,(none),(none),,,,,flag: unreachable,leaf classifier,unreachable
pim,pim-integration.emf,Topic,False,(none),(none),subscriptions,val,Subscription,ownerTopic,flag: unreachable,containment owner,unreachable
pim,pim-policy.emf,TracingPolicy,False,ObservabilityConfig.tracing,ObservabilityConfig.tracing,,,,,ok,leaf classifier,
pim,pim-compute.emf,Trigger,False,Function.triggers,Function.triggers,filter,val,Expression,,val,containment owner,
pim,pim-compute.emf,Trigger,False,Function.triggers,Function.triggers,startsWorkflow,ref,WorkflowTarget,,ref,cross-link,
pim,pim-compute.emf,Trigger,False,Function.triggers,Function.triggers,resilience,ref,ResiliencePolicy,,ref,cross-link,
pim,pim-compute.emf,Trigger,False,Function.triggers,Function.triggers,batchPolicy,ref,BatchPolicy,,ref,cross-link,
pim,pim-workflow.emf,WaitStep,False,(none),(none),condition,val,Expression,,flag: unreachable,containment owner,unreachable
pim,pim-workflow.emf,Workflow,False,ServerlessService.workflows,ServerlessService.workflows,steps,val,WorkflowStep,workflow,val,containment owner,
pim,pim-workflow.emf,Workflow,False,ServerlessService.workflows,ServerlessService.workflows,transitions,val,WorkflowTransition,workflow,val,containment owner,
pim,pim-workflow.emf,Workflow,False,ServerlessService.workflows,ServerlessService.workflows,observability,ref,ObservabilityConfig,,ref,cross-link,
pim,pim-workflow.emf,Workflow,False,ServerlessService.workflows,ServerlessService.workflows,resilience,ref,ResiliencePolicy,,ref,cross-link,
pim,pim-workflow.emf,Workflow,False,ServerlessService.workflows,ServerlessService.workflows,idempotency,ref,IdempotencyPolicy,,ref,cross-link,
pim,pim-workflow.emf,WorkflowStep,True,Workflow.steps; ParallelBranch.steps,Workflow.steps; ParallelBranch.steps,retry,val,RetryPolicy,,flag: multiple-containment,containment owner,multiple-containment
pim,pim-workflow.emf,WorkflowStep,True,Workflow.steps; ParallelBranch.steps,Workflow.steps; ParallelBranch.steps,catchHandlers,val,ErrorHandler,step,val,containment owner,multiple-containment
pim,pim-workflow.emf,WorkflowTransition,False,Workflow.transitions; ParallelBranch.transitions,Workflow.transitions; ParallelBranch.transitions,condition,val,Expression,,flag: multiple-containment,containment owner,multiple-containment
psm,awspsm-api.emf,ApiGatewayAccessLogSetting,False,ApiGatewayApi.accessLogSetting; ApiGatewayStage.accessLogSetting,ApiGatewayApi.accessLogSetting; ApiGatewayStage.accessLogSetting,destinationLogGroup,ref,CloudWatchLogGroup,,flag: multiple-containment,cross-link,multiple-containment
psm,awspsm-api.emf,ApiGatewayApi,True,(none),(none),cors,val,CorsConfiguration,,flag: unreachable,containment owner,unreachable
psm,awspsm-api.emf,ApiGatewayApi,True,(none),(none),tracingConfig,val,ApiGatewayTracingConfig,,val,containment owner,unreachable
psm,awspsm-api.emf,ApiGatewayApi,True,(none),(none),accessLogSetting,val,ApiGatewayAccessLogSetting,,val,containment owner,unreachable
psm,awspsm-api.emf,ApiGatewayApi,True,(none),(none),apiPolicy,val,IamPolicyDocument,,val,containment owner,unreachable
psm,awspsm-api.emf,ApiGatewayApi,True,(none),(none),accessLogGroup,ref,CloudWatchLogGroup,,ref,cross-link,unreachable
psm,awspsm-api.emf,ApiGatewayApi,True,(none),(none),routes,val,ApiGatewayRoute,api,val,containment owner,unreachable
psm,awspsm-api.emf,ApiGatewayApi,True,(none),(none),stages,val,ApiGatewayStage,api,val,containment owner,unreachable
psm,awspsm-api.emf,ApiGatewayApi,True,(none),(none),authorizers,val,ApiGatewayAuthorizer,api,val,containment owner,unreachable
psm,awspsm-api.emf,ApiGatewayApi,True,(none),(none),apiDomainName,ref,ApiGatewayDomainName,api,ref,cross-link,unreachable
psm,awspsm-api.emf,ApiGatewayApi,True,(none),(none),wafAssociation,ref,WafWebAclAssociation,,ref,cross-link,unreachable
psm,awspsm-api.emf,ApiGatewayApiKey,False,(none),(none),stages,ref,RestApiStage,,flag: unreachable,cross-link,unreachable
psm,awspsm-api.emf,ApiGatewayAuthorizer,True,ApiGatewayApi.authorizers,ApiGatewayApi.authorizers,,,,,ok,leaf classifier,
psm,awspsm-api.emf,ApiGatewayBasePathMapping,False,(none),(none),stage,ref,ApiGatewayStage,,flag: unreachable,cross-link,unreachable
psm,awspsm-api.emf,ApiGatewayDeployment,False,(none),(none),,,,,flag: unreachable,leaf classifier,unreachable
psm,awspsm-api.emf,ApiGatewayDomainName,False,(none),(none),api,ref,ApiGatewayApi,apiDomainName,flag: unreachable,cross-link,unreachable
psm,awspsm-api.emf,ApiGatewayDomainName,False,(none),(none),mappings,ref,ApiGatewayBasePathMapping,domainName,ref,cross-link,unreachable
psm,awspsm-api.emf,ApiGatewayIntegration,False,(none),(none),responseParameters,val,ApiGatewayIntegrationResponseParameter,,flag: unreachable,containment owner,unreachable
psm,awspsm-api.emf,ApiGatewayIntegration,False,(none),(none),requestTemplates,val,ApiGatewayIntegrationRequestTemplate,,val,containment owner,unreachable
psm,awspsm-api.emf,ApiGatewayIntegration,False,(none),(none),lambdaTarget,ref,AwsLambdaFunction,,ref,cross-link,unreachable
psm,awspsm-api.emf,ApiGatewayIntegration,False,(none),(none),stateMachineTarget,ref,StepFunctionStateMachine,,ref,cross-link,unreachable
psm,awspsm-api.emf,ApiGatewayIntegration,False,(none),(none),credentialsRole,ref,IamRole,,ref,cross-link,unreachable
psm,awspsm-api.emf,ApiGatewayIntegrationRequestTemplate,False,ApiGatewayIntegration.requestTemplates,ApiGatewayIntegration.requestTemplates,,,,,ok,leaf classifier,
psm,awspsm-api.emf,ApiGatewayIntegrationResponseParameter,False,ApiGatewayIntegration.responseParameters,ApiGatewayIntegration.responseParameters,,,,,ok,leaf classifier,
psm,awspsm-integrations.emf,ApiGatewayLambdaIntegrationView,False,(none),(none),permission,ref,LambdaPermission,,flag: unreachable,cross-link,unreachable
psm,awspsm-api.emf,ApiGatewayRequestModel,False,ApiGatewayRoute.requestModels,ApiGatewayRoute.requestModels,schemaResource,ref,AwsResource,,ref,cross-link,
psm,awspsm-api.emf,ApiGatewayRequestValidator,False,(none),(none),,,,,flag: unreachable,leaf classifier,unreachable
psm,awspsm-api.emf,ApiGatewayResponseModel,False,ApiGatewayRoute.responseModels,ApiGatewayRoute.responseModels,schemaResource,ref,AwsResource,,ref,cross-link,
psm,awspsm-api.emf,ApiGatewayRoute,True,ApiGatewayApi.routes,ApiGatewayApi.routes,requestModels,val,ApiGatewayRequestModel,,val,containment owner,
psm,awspsm-api.emf,ApiGatewayRoute,True,ApiGatewayApi.routes,ApiGatewayApi.routes,responseModels,val,ApiGatewayResponseModel,,val,containment owner,
psm,awspsm-api.emf,ApiGatewayRoute,True,ApiGatewayApi.routes,ApiGatewayApi.routes,routeSettings,val,ApiGatewayRouteSetting,,val,containment owner,
psm,awspsm-api.emf,ApiGatewayRoute,True,ApiGatewayApi.routes,ApiGatewayApi.routes,authorizer,ref,ApiGatewayAuthorizer,,ref,cross-link,
psm,awspsm-api.emf,ApiGatewayRouteSetting,False,ApiGatewayRoute.routeSettings; ApiGatewayStage.defaultRouteSettings,ApiGatewayRoute.routeSettings; ApiGatewayStage.defaultRouteSettings,,,,,flag: multiple-containment,leaf classifier,multiple-containment
psm,awspsm-api.emf,ApiGatewayStage,True,ApiGatewayApi.stages,ApiGatewayApi.stages,accessLogSetting,val,ApiGatewayAccessLogSetting,,val,containment owner,
psm,awspsm-api.emf,ApiGatewayStage,True,ApiGatewayApi.stages,ApiGatewayApi.stages,defaultRouteSettings,val,ApiGatewayRouteSetting,,val,containment owner,
psm,awspsm-api.emf,ApiGatewayStage,True,ApiGatewayApi.stages,ApiGatewayApi.stages,accessLogGroup,ref,CloudWatchLogGroup,,ref,cross-link,
psm,awspsm-api.emf,ApiGatewayTracingConfig,False,ApiGatewayApi.tracingConfig,ApiGatewayApi.tracingConfig,,,,,ok,leaf classifier,
psm,awspsm-api.emf,ApiGatewayUsagePlan,False,(none),(none),apiStages,ref,RestApiStage,,flag: unreachable,cross-link,unreachable
psm,awspsm-api.emf,ApiGatewayUsagePlanKey,False,(none),(none),,,,,flag: unreachable,leaf classifier,unreachable
psm,awspsm-workflow.emf,AslBranch,False,AslState.branches; AslMapConfig.itemProcessor,AslState.branches; AslMapConfig.itemProcessor,states,val,AslState,,flag: multiple-containment,containment owner,multiple-containment
psm,awspsm-workflow.emf,AslCatchRule,False,AslState.catch,AslState.catch,,,,,ok,leaf classifier,
psm,awspsm-workflow.emf,AslChoiceRule,False,AslState.choices,AslState.choices,,,,,ok,leaf classifier,
psm,awspsm-workflow.emf,AslDocument,False,StepFunctionStateMachine.aslDocument,StepFunctionStateMachine.aslDocument,states,val,AslState,,val,containment owner,
psm,awspsm-workflow.emf,AslMapConfig,False,AslState.mapConfig,AslState.mapConfig,itemProcessor,val,AslBranch,,val,containment owner,
psm,awspsm-workflow.emf,AslRetryRule,False,AslState.retry,AslState.retry,,,,,ok,leaf classifier,
psm,awspsm-workflow.emf,AslState,False,AslDocument.states; AslBranch.states,AslDocument.states; AslBranch.states,retry,val,AslRetryRule,,flag: multiple-containment,containment owner,multiple-containment
psm,awspsm-workflow.emf,AslState,False,AslDocument.states; AslBranch.states,AslDocument.states; AslBranch.states,catch,val,AslCatchRule,,val,containment owner,multiple-containment
psm,awspsm-workflow.emf,AslState,False,AslDocument.states; AslBranch.states,AslDocument.states; AslBranch.states,choices,val,AslChoiceRule,,val,containment owner,multiple-containment
psm,awspsm-workflow.emf,AslState,False,AslDocument.states; AslBranch.states,AslDocument.states; AslBranch.states,branches,val,AslBranch,,val,containment owner,multiple-containment
psm,awspsm-workflow.emf,AslState,False,AslDocument.states; AslBranch.states,AslDocument.states; AslBranch.states,mapConfig,val,AslMapConfig,,val,containment owner,multiple-containment
psm,awspsm-workflow.emf,AslState,False,AslDocument.states; AslBranch.states,AslDocument.states; AslBranch.states,nextState,ref,AslState,,ref,cross-link,multiple-containment
psm,awspsm-workflow.emf,AslState,False,AslDocument.states; AslBranch.states,AslDocument.states; AslBranch.states,invokedResource,ref,AwsResource,,ref,cross-link,multiple-containment
psm,awspsm-compute.emf,AwsLambdaFunction,False,(none),(none),environment,val,LambdaEnvironmentVariable,,flag: unreachable,containment owner,unreachable
psm,awspsm-compute.emf,AwsLambdaFunction,False,(none),(none),deadLetterConfig,val,LambdaDeadLetterConfig,,val,containment owner,unreachable
psm,awspsm-compute.emf,AwsLambdaFunction,False,(none),(none),tracing,val,LambdaTracingConfig,,val,containment owner,unreachable
psm,awspsm-compute.emf,AwsLambdaFunction,False,(none),(none),logging,val,LambdaLoggingConfig,,val,containment owner,unreachable
psm,awspsm-compute.emf,AwsLambdaFunction,False,(none),(none),fileSystemConfigs,val,LambdaFileSystemConfig,,val,containment owner,unreachable
psm,awspsm-compute.emf,AwsLambdaFunction,False,(none),(none),samEvents,val,SamFunctionEvent,targetFunction,val,containment owner,unreachable
psm,awspsm-compute.emf,AwsLambdaFunction,False,(none),(none),vpcConfig,val,VpcAttachmentConfig,,val,containment owner,unreachable
psm,awspsm-compute.emf,AwsLambdaFunction,False,(none),(none),layers,ref,LambdaLayerVersion,,ref,cross-link,unreachable
psm,awspsm-compute.emf,AwsLambdaFunction,False,(none),(none),permissions,val,LambdaPermission,function,val,containment owner,unreachable
psm,awspsm-compute.emf,AwsLambdaFunction,False,(none),(none),versions,val,LambdaVersion,function,val,containment owner,unreachable
psm,awspsm-compute.emf,AwsLambdaFunction,False,(none),(none),aliases,val,LambdaAlias,function,val,containment owner,unreachable
psm,awspsm-compute.emf,AwsLambdaFunction,False,(none),(none),eventInvokeConfigs,val,LambdaEventInvokeConfig,function,val,containment owner,unreachable
psm,awspsm-compute.emf,AwsLambdaFunction,False,(none),(none),eventSourceMappings,val,LambdaEventSourceMapping,function,val,containment owner,unreachable
psm,awspsm-compute.emf,AwsLambdaFunction,False,(none),(none),kmsKey,ref,KmsKey,,ref,cross-link,unreachable
psm,awspsm-compute.emf,AwsLambdaFunction,False,(none),(none),functionUrl,val,LambdaFunctionUrl,function,val,containment owner,unreachable
psm,awspsm-compute.emf,AwsLambdaFunction,False,(none),(none),codeSigningConfig,ref,CodeSigningConfig,,ref,cross-link,unreachable
psm,awspsm-core.emf,AwsNamingPolicy,False,AwsPsmModel.namingPolicy,AwsPsmModel.namingPolicy,,,,,ok,leaf classifier,
psm,awspsm-core.emf,AwsNativeResource,False,(none),(none),properties,val,NativeProperty,,flag: unreachable,containment owner,unreachable
psm,awspsm-root.emf,AwsPsmModel,False,(none),(none),stages,val,AwsStage,,val,containment owner,
psm,awspsm-root.emf,AwsPsmModel,False,(none),(none),stacks,val,SamStack,,val,containment owner,
psm,awspsm-root.emf,AwsPsmModel,False,(none),(none),samGlobals,val,SamGlobals,,val,containment owner,
psm,awspsm-root.emf,AwsPsmModel,False,(none),(none),namingPolicy,val,AwsNamingPolicy,,val,containment owner,
psm,awspsm-root.emf,AwsPsmModel,False,(none),(none),taggingPolicy,val,AwsTaggingPolicy,,val,containment owner,
psm,awspsm-root.emf,AwsPsmModel,False,(none),(none),securityBaseline,val,AwsSecurityBaseline,,val,containment owner,
psm,awspsm-root.emf,AwsPsmModel,False,(none),(none),traceModel,val,TraceModel,,val,containment owner,
psm,awspsm-root.emf,AwsPsmModel,False,(none),(none),readiness,val,ProductionReadinessAssessment,,val,containment owner,
psm,awspsm-root.emf,AwsPsmModel,False,(none),(none),documents,val,StructuredDocument,,val,containment owner,
psm,awspsm-root.emf,AwsPsmModel,False,(none),(none),relationshipViews,val,AwsRelationshipView,,val,containment owner,
psm,awspsm-root.emf,AwsPsmModel,False,(none),(none),allResources,ref,AwsResource,,ref,cross-link,
psm,awspsm-integrations.emf,AwsRelationshipView,True,AwsPsmModel.relationshipViews,AwsPsmModel.relationshipViews,,,,,ok,leaf classifier,
psm,awspsm-core.emf,AwsResource,True,SamStack.resources,SamStack.resources,tags,val,AwsTag,,val,containment owner,
psm,awspsm-core.emf,AwsResource,True,SamStack.resources,SamStack.resources,metadata,val,NativeProperty,,val,containment owner,
psm,awspsm-core.emf,AwsResource,True,SamStack.resources,SamStack.resources,overrides,val,NativeProperty,,val,containment owner,
psm,awspsm-core.emf,AwsResource,True,SamStack.resources,SamStack.resources,importDetails,val,ResourceImport,,val,containment owner,
psm,awspsm-core.emf,AwsResource,True,SamStack.resources,SamStack.resources,dependsOn,ref,AwsResource,,ref,cross-link,
psm,awspsm-events.emf,AwsRetryPolicy,False,EventBridgeTarget.retryPolicy,EventBridgeTarget.retryPolicy,,,,,ok,leaf classifier,
psm,awspsm-core.emf,AwsSecurityBaseline,False,AwsPsmModel.securityBaseline,AwsPsmModel.securityBaseline,,,,,ok,leaf classifier,
psm,awspsm-core.emf,AwsStage,False,AwsPsmModel.stages,AwsPsmModel.stages,parameterOverrides,val,KeyValue,,val,containment owner,
psm,awspsm-core.emf,AwsStage,False,AwsPsmModel.stages,AwsPsmModel.stages,stageTags,val,AwsTag,,val,containment owner,
psm,awspsm-core.emf,AwsStage,False,AwsPsmModel.stages,AwsPsmModel.stages,deploysStacks,ref,SamStack,,ref,cross-link,
psm,awspsm-core.emf,AwsTag,False,AwsResource.tags; AwsStage.stageTags; AwsTaggingPolicy.requiredTags,AwsResource.tags; AwsStage.stageTags; AwsTaggingPolicy.requiredTags,,,,,flag: multiple-containment,leaf classifier,multiple-containment
psm,awspsm-core.emf,AwsTaggingPolicy,False,AwsPsmModel.taggingPolicy,AwsPsmModel.taggingPolicy,requiredTags,val,AwsTag,,val,containment owner,
psm,awspsm-core.emf,CfnCondition,False,SamStack.conditions,SamStack.conditions,expressionValue,val,ValueExpression,,val,containment owner,
psm,awspsm-core.emf,CfnMapping,False,SamStack.mappings,SamStack.mappings,,,,,ok,leaf classifier,
psm,awspsm-core.emf,CfnOutput,False,SamStack.outputs,SamStack.outputs,resource,ref,AwsResource,,ref,cross-link,
psm,awspsm-core.emf,CfnParameter,False,SamStack.parameters,SamStack.parameters,defaultValue,val,ValueExpression,,val,containment owner,
psm,awspsm-observability.emf,CloudWatchAlarm,False,(none),(none),dimensions,val,MetricDimension,,flag: unreachable,containment owner,unreachable
psm,awspsm-observability.emf,CloudWatchAlarm,False,(none),(none),alarmActionResources,ref,AwsResource,,ref,cross-link,unreachable
psm,awspsm-observability.emf,CloudWatchAlarm,False,(none),(none),okActionResources,ref,AwsResource,,ref,cross-link,unreachable
psm,awspsm-observability.emf,CloudWatchAlarm,False,(none),(none),insufficientDataActionResources,ref,AwsResource,,ref,cross-link,unreachable
psm,awspsm-observability.emf,CloudWatchAlarm,False,(none),(none),monitoredResource,ref,AwsResource,,ref,cross-link,unreachable
psm,awspsm-observability.emf,CloudWatchCompositeAlarm,False,(none),(none),alarmActionResources,ref,AwsResource,,flag: unreachable,cross-link,unreachable
psm,awspsm-observability.emf,CloudWatchCompositeAlarm,False,(none),(none),okActionResources,ref,AwsResource,,ref,cross-link,unreachable
psm,awspsm-observability.emf,CloudWatchDashboard,False,(none),(none),,,,,flag: unreachable,leaf classifier,unreachable
psm,awspsm-observability.emf,CloudWatchLogGroup,False,(none),(none),kmsKey,ref,KmsKey,,flag: unreachable,cross-link,unreachable
psm,awspsm-observability.emf,CloudWatchLogGroup,False,(none),(none),metricFilters,ref,CloudWatchMetricFilter,logGroup,ref,cross-link,unreachable
psm,awspsm-observability.emf,CloudWatchLogGroup,False,(none),(none),subscriptionFilters,ref,CloudWatchLogSubscriptionFilter,logGroup,ref,cross-link,unreachable
psm,awspsm-observability.emf,CloudWatchLogSubscriptionFilter,False,(none),(none),destinationResource,ref,AwsResource,,flag: unreachable,cross-link,unreachable
psm,awspsm-observability.emf,CloudWatchLogSubscriptionFilter,False,(none),(none),role,ref,IamRole,,ref,cross-link,unreachable
psm,awspsm-observability.emf,CloudWatchMetricFilter,False,(none),(none),metricTransformations,val,CloudWatchMetricTransformation,,flag: unreachable,containment owner,unreachable
psm,awspsm-observability.emf,CloudWatchMetricTransformation,False,CloudWatchMetricFilter.metricTransformations,CloudWatchMetricFilter.metricTransformations,dimensions,val,MetricDimension,,val,containment owner,
psm,awspsm-compute.emf,CodeSigningConfig,False,(none),(none),,,,,flag: unreachable,leaf classifier,unreachable
psm,awspsm-identity.emf,CognitoAccountRecoverySetting,False,CognitoUserPool.accountRecoverySetting,CognitoUserPool.accountRecoverySetting,recoveryMechanisms,val,CognitoRecoveryMechanism,,val,containment owner,
psm,awspsm-api.emf,CognitoAuthorizer,False,(none),(none),clients,ref,CognitoUserPoolClient,,flag: unreachable,cross-link,unreachable
psm,awspsm-identity.emf,CognitoEmailConfiguration,False,CognitoUserPool.emailConfiguration,CognitoUserPool.emailConfiguration,,,,,ok,leaf classifier,
psm,awspsm-identity.emf,CognitoIdentityPool,False,(none),(none),,,,,flag: unreachable,leaf classifier,unreachable
psm,awspsm-identity.emf,CognitoLambdaConfig,False,CognitoUserPool.lambdaConfig,CognitoUserPool.lambdaConfig,preSignUp,ref,AwsResource,,ref,cross-link,
psm,awspsm-identity.emf,CognitoLambdaConfig,False,CognitoUserPool.lambdaConfig,CognitoUserPool.lambdaConfig,postConfirmation,ref,AwsResource,,ref,cross-link,
psm,awspsm-identity.emf,CognitoLambdaConfig,False,CognitoUserPool.lambdaConfig,CognitoUserPool.lambdaConfig,preAuthentication,ref,AwsResource,,ref,cross-link,
psm,awspsm-identity.emf,CognitoLambdaConfig,False,CognitoUserPool.lambdaConfig,CognitoUserPool.lambdaConfig,postAuthentication,ref,AwsResource,,ref,cross-link,
psm,awspsm-identity.emf,CognitoLambdaConfig,False,CognitoUserPool.lambdaConfig,CognitoUserPool.lambdaConfig,customMessage,ref,AwsResource,,ref,cross-link,
psm,awspsm-identity.emf,CognitoLambdaConfig,False,CognitoUserPool.lambdaConfig,CognitoUserPool.lambdaConfig,defineAuthChallenge,ref,AwsResource,,ref,cross-link,
psm,awspsm-identity.emf,CognitoLambdaConfig,False,CognitoUserPool.lambdaConfig,CognitoUserPool.lambdaConfig,createAuthChallenge,ref,AwsResource,,ref,cross-link,
psm,awspsm-identity.emf,CognitoLambdaConfig,False,CognitoUserPool.lambdaConfig,CognitoUserPool.lambdaConfig,verifyAuthChallengeResponse,ref,AwsResource,,ref,cross-link,
psm,awspsm-identity.emf,CognitoLambdaConfig,False,CognitoUserPool.lambdaConfig,CognitoUserPool.lambdaConfig,preTokenGeneration,ref,AwsResource,,ref,cross-link,
psm,awspsm-identity.emf,CognitoLambdaConfig,False,CognitoUserPool.lambdaConfig,CognitoUserPool.lambdaConfig,userMigration,ref,AwsResource,,ref,cross-link,
psm,awspsm-identity.emf,CognitoOAuthConfiguration,False,CognitoUserPoolClient.oauthConfiguration,CognitoUserPoolClient.oauthConfiguration,,,,,ok,leaf classifier,
psm,awspsm-identity.emf,CognitoPasswordPolicy,False,CognitoUserPool.passwordPolicy,CognitoUserPool.passwordPolicy,,,,,ok,leaf classifier,
psm,awspsm-identity.emf,CognitoRecoveryMechanism,False,CognitoAccountRecoverySetting.recoveryMechanisms,CognitoAccountRecoverySetting.recoveryMechanisms,,,,,ok,leaf classifier,
psm,awspsm-identity.emf,CognitoSchemaAttribute,False,CognitoUserPool.schemaAttributes,CognitoUserPool.schemaAttributes,,,,,ok,leaf classifier,
psm,awspsm-identity.emf,CognitoUserPool,False,(none),(none),accountRecoverySetting,val,CognitoAccountRecoverySetting,,flag: unreachable,containment owner,unreachable
psm,awspsm-identity.emf,CognitoUserPool,False,(none),(none),emailConfiguration,val,CognitoEmailConfiguration,,val,containment owner,unreachable
psm,awspsm-identity.emf,CognitoUserPool,False,(none),(none),lambdaConfig,val,CognitoLambdaConfig,,val,containment owner,unreachable
psm,awspsm-identity.emf,CognitoUserPool,False,(none),(none),passwordPolicy,val,CognitoPasswordPolicy,,val,containment owner,unreachable
psm,awspsm-identity.emf,CognitoUserPool,False,(none),(none),schemaAttributes,val,CognitoSchemaAttribute,,val,containment owner,unreachable
psm,awspsm-identity.emf,CognitoUserPool,False,(none),(none),clients,ref,CognitoUserPoolClient,userPool,ref,cross-link,unreachable
psm,awspsm-identity.emf,CognitoUserPool,False,(none),(none),groups,ref,CognitoUserPoolGroup,userPool,ref,cross-link,unreachable
psm,awspsm-identity.emf,CognitoUserPool,False,(none),(none),domain,ref,CognitoUserPoolDomain,userPool,ref,cross-link,unreachable
psm,awspsm-identity.emf,CognitoUserPoolClient,False,(none),(none),oauthConfiguration,val,CognitoOAuthConfiguration,,flag: unreachable,containment owner,unreachable
psm,awspsm-identity.emf,CognitoUserPoolDomain,False,(none),(none),,,,,flag: unreachable,leaf classifier,unreachable
psm,awspsm-identity.emf,CognitoUserPoolGroup,False,(none),(none),role,ref,IamRole,,flag: unreachable,cross-link,unreachable
psm,awspsm-core.emf,CorsConfiguration,False,ApiGatewayApi.cors; S3Bucket.cors,ApiGatewayApi.cors; S3Bucket.cors,,,,,flag: multiple-containment,leaf classifier,multiple-containment
psm,awspsm-storage.emf,DynamoDbAttributeDefinition,False,DynamoDbTable.attributeDefinitions,DynamoDbTable.attributeDefinitions,,,,,ok,leaf classifier,
psm,awspsm-storage.emf,DynamoDbBackupPolicy,False,DynamoDbTable.backupPolicy,DynamoDbTable.backupPolicy,,,,,ok,leaf classifier,
psm,awspsm-storage.emf,DynamoDbGlobalSecondaryIndex,False,DynamoDbTable.globalSecondaryIndexes,DynamoDbTable.globalSecondaryIndexes,keySchema,val,DynamoDbKeySchemaElement,,val,containment owner,
psm,awspsm-storage.emf,DynamoDbGlobalSecondaryIndex,False,DynamoDbTable.globalSecondaryIndexes,DynamoDbTable.globalSecondaryIndexes,provisionedThroughput,val,DynamoDbProvisionedThroughput,,val,containment owner,
psm,awspsm-storage.emf,DynamoDbGlobalSecondaryIndex,False,DynamoDbTable.globalSecondaryIndexes,DynamoDbTable.globalSecondaryIndexes,onDemandThroughput,val,DynamoDbOnDemandThroughput,,val,containment owner,
psm,awspsm-storage.emf,DynamoDbKeySchemaElement,False,DynamoDbTable.keySchema; DynamoDbLocalSecondaryIndex.keySchema; DynamoDbGlobalSecondaryIndex.keySchema,DynamoDbTable.keySchema; DynamoDbLocalSecondaryIndex.keySchema; DynamoDbGlobalSecondaryIndex.keySchema,,,,,flag: multiple-containment,leaf classifier,multiple-containment
psm,awspsm-storage.emf,DynamoDbLocalSecondaryIndex,False,DynamoDbTable.localSecondaryIndexes,DynamoDbTable.localSecondaryIndexes,keySchema,val,DynamoDbKeySchemaElement,,val,containment owner,
psm,awspsm-storage.emf,DynamoDbOnDemandThroughput,False,DynamoDbTable.onDemandThroughput; DynamoDbGlobalSecondaryIndex.onDemandThroughput,DynamoDbTable.onDemandThroughput; DynamoDbGlobalSecondaryIndex.onDemandThroughput,,,,,flag: multiple-containment,leaf classifier,multiple-containment
psm,awspsm-storage.emf,DynamoDbProjection,False,(none),(none),,,,,flag: unreachable,leaf classifier,unreachable
psm,awspsm-storage.emf,DynamoDbProvisionedThroughput,False,DynamoDbTable.provisionedThroughput; DynamoDbGlobalSecondaryIndex.provisionedThroughput,DynamoDbTable.provisionedThroughput; DynamoDbGlobalSecondaryIndex.provisionedThroughput,,,,,flag: multiple-containment,leaf classifier,multiple-containment
psm,awspsm-storage.emf,DynamoDbReplicaSpecification,False,DynamoDbTable.replicas,DynamoDbTable.replicas,kmsKey,ref,KmsKey,,ref,cross-link,
psm,awspsm-storage.emf,DynamoDbSseSpecification,False,DynamoDbTable.sseSpecification,DynamoDbTable.sseSpecification,kmsKey,ref,KmsKey,,ref,cross-link,
psm,awspsm-compute.emf,DynamoDbStreamLambdaEventSourceMapping,False,(none),(none),,,,,flag: unreachable,leaf classifier,unreachable
psm,awspsm-storage.emf,DynamoDbStreamSpecification,False,DynamoDbTable.streamSpecification,DynamoDbTable.streamSpecification,,,,,ok,leaf classifier,
psm,awspsm-storage.emf,DynamoDbTable,False,(none),(none),attributeDefinitions,val,DynamoDbAttributeDefinition,,flag: unreachable,containment owner,unreachable
psm,awspsm-storage.emf,DynamoDbTable,False,(none),(none),keySchema,val,DynamoDbKeySchemaElement,,val,containment owner,unreachable
psm,awspsm-storage.emf,DynamoDbTable,False,(none),(none),localSecondaryIndexes,val,DynamoDbLocalSecondaryIndex,,val,containment owner,unreachable
psm,awspsm-storage.emf,DynamoDbTable,False,(none),(none),globalSecondaryIndexes,val,DynamoDbGlobalSecondaryIndex,,val,containment owner,unreachable
psm,awspsm-storage.emf,DynamoDbTable,False,(none),(none),replicas,val,DynamoDbReplicaSpecification,,val,containment owner,unreachable
psm,awspsm-storage.emf,DynamoDbTable,False,(none),(none),provisionedThroughput,val,DynamoDbProvisionedThroughput,,val,containment owner,unreachable
psm,awspsm-storage.emf,DynamoDbTable,False,(none),(none),onDemandThroughput,val,DynamoDbOnDemandThroughput,,val,containment owner,unreachable
psm,awspsm-storage.emf,DynamoDbTable,False,(none),(none),streamSpecification,val,DynamoDbStreamSpecification,,val,containment owner,unreachable
psm,awspsm-storage.emf,DynamoDbTable,False,(none),(none),timeToLiveSpecification,val,DynamoDbTimeToLiveSpecification,,val,containment owner,unreachable
psm,awspsm-storage.emf,DynamoDbTable,False,(none),(none),sseSpecification,val,DynamoDbSseSpecification,,val,containment owner,unreachable
psm,awspsm-storage.emf,DynamoDbTable,False,(none),(none),backupPolicy,val,DynamoDbBackupPolicy,,val,containment owner,unreachable
psm,awspsm-storage.emf,DynamoDbTable,False,(none),(none),resourcePolicy,val,IamPolicyDocument,,val,containment owner,unreachable
psm,awspsm-storage.emf,DynamoDbTable,False,(none),(none),kmsKey,ref,KmsKey,,ref,cross-link,unreachable
psm,awspsm-storage.emf,DynamoDbTimeToLiveSpecification,False,DynamoDbTable.timeToLiveSpecification,DynamoDbTable.timeToLiveSpecification,,,,,ok,leaf classifier,
psm,awspsm-events.emf,EventBridgeApiDestination,False,(none),(none),,,,,flag: unreachable,leaf classifier,unreachable
psm,awspsm-events.emf,EventBridgeApiKeyAuthParameters,False,(none),(none),,,,,flag: unreachable,leaf classifier,unreachable
psm,awspsm-events.emf,EventBridgeArchive,False,(none),(none),,,,,flag: unreachable,leaf classifier,unreachable
psm,awspsm-events.emf,EventBridgeAuthParameters,True,(none),(none),,,,,flag: unreachable,leaf classifier,unreachable
psm,awspsm-events.emf,EventBridgeBasicAuthParameters,False,(none),(none),,,,,flag: unreachable,leaf classifier,unreachable
psm,awspsm-events.emf,EventBridgeBatchTargetParameters,False,(none),(none),,,,,flag: unreachable,leaf classifier,unreachable
psm,awspsm-events.emf,EventBridgeBus,False,(none),(none),rules,ref,EventBridgeRule,bus,flag: unreachable,cross-link,unreachable
psm,awspsm-events.emf,EventBridgeBus,False,(none),(none),archives,ref,EventBridgeArchive,eventSourceBus,ref,cross-link,unreachable
psm,awspsm-events.emf,EventBridgeBus,False,(none),(none),policies,ref,EventBridgeBusPolicy,bus,ref,cross-link,unreachable
psm,awspsm-events.emf,EventBridgeBusPolicy,False,(none),(none),policyDocument,val,IamPolicyDocument,,flag: unreachable,containment owner,unreachable
psm,awspsm-events.emf,EventBridgeConnection,False,(none),(none),invocationHttpParameters,val,EventBridgeHttpParameters,,flag: unreachable,containment owner,unreachable
psm,awspsm-events.emf,EventBridgeFlexibleTimeWindow,False,EventBridgeSchedule.flexibleTimeWindow,EventBridgeSchedule.flexibleTimeWindow,,,,,ok,leaf classifier,
psm,awspsm-events.emf,EventBridgeHttpParameters,False,EventBridgeOAuthParameters.oauthHttpParameters; EventBridgeConnection.invocationHttpParameters,EventBridgeOAuthParameters.oauthHttpParameters; EventBridgeConnection.invocationHttpParameters,headerParameters,val,HttpParameter,,flag: multiple-containment,containment owner,multiple-containment
psm,awspsm-events.emf,EventBridgeHttpParameters,False,EventBridgeOAuthParameters.oauthHttpParameters; EventBridgeConnection.invocationHttpParameters,EventBridgeOAuthParameters.oauthHttpParameters; EventBridgeConnection.invocationHttpParameters,queryStringParameters,val,HttpParameter,,val,containment owner,multiple-containment
psm,awspsm-events.emf,EventBridgeHttpParameters,False,EventBridgeOAuthParameters.oauthHttpParameters; EventBridgeConnection.invocationHttpParameters,EventBridgeOAuthParameters.oauthHttpParameters; EventBridgeConnection.invocationHttpParameters,bodyParameters,val,HttpParameter,,val,containment owner,multiple-containment
psm,awspsm-events.emf,EventBridgeHttpTargetParameters,False,(none),(none),headerParameters,val,HttpParameter,,flag: unreachable,containment owner,unreachable
psm,awspsm-events.emf,EventBridgeHttpTargetParameters,False,(none),(none),queryStringParameters,val,HttpParameter,,val,containment owner,unreachable
psm,awspsm-events.emf,EventBridgeHttpTargetParameters,False,(none),(none),pathParameterValues,val,HttpParameter,,val,containment owner,unreachable
psm,awspsm-events.emf,EventBridgeInputTransformer,False,EventBridgeTarget.inputTransformer,EventBridgeTarget.inputTransformer,,,,,ok,leaf classifier,
psm,awspsm-integrations.emf,EventBridgeLambdaTargetView,False,(none),(none),permission,ref,LambdaPermission,,flag: unreachable,cross-link,unreachable
psm,awspsm-events.emf,EventBridgeOAuthParameters,False,(none),(none),oauthHttpParameters,val,EventBridgeHttpParameters,,flag: unreachable,containment owner,unreachable
psm,awspsm-events.emf,EventBridgePipe,False,(none),(none),sourceResource,ref,AwsResource,,flag: unreachable,cross-link,unreachable
psm,awspsm-events.emf,EventBridgePipe,False,(none),(none),targetResource,ref,AwsResource,,ref,cross-link,unreachable
psm,awspsm-events.emf,EventBridgePipe,False,(none),(none),enrichmentFunction,ref,AwsLambdaFunction,,ref,cross-link,unreachable
psm,awspsm-events.emf,EventBridgeRule,False,(none),(none),eventPattern,val,EventPattern,,flag: unreachable,containment owner,unreachable
psm,awspsm-events.emf,EventBridgeRule,False,(none),(none),targets,val,EventBridgeTarget,,val,containment owner,unreachable
psm,awspsm-events.emf,EventBridgeRule,False,(none),(none),bus,ref,EventBridgeBus,rules,ref,cross-link,unreachable
psm,awspsm-events.emf,EventBridgeSchedule,False,(none),(none),flexibleTimeWindow,val,EventBridgeFlexibleTimeWindow,,flag: unreachable,containment owner,unreachable
psm,awspsm-events.emf,EventBridgeSqsTargetParameters,False,(none),(none),,,,,flag: unreachable,leaf classifier,unreachable
psm,awspsm-events.emf,EventBridgeTarget,False,EventBridgeRule.targets,EventBridgeRule.targets,input,val,ValueExpression,,val,containment owner,
psm,awspsm-events.emf,EventBridgeTarget,False,EventBridgeRule.targets,EventBridgeRule.targets,parameters,val,EventBridgeTargetParameters,,val,containment owner,
psm,awspsm-events.emf,EventBridgeTarget,False,EventBridgeRule.targets,EventBridgeRule.targets,retryPolicy,val,AwsRetryPolicy,,val,containment owner,
psm,awspsm-events.emf,EventBridgeTarget,False,EventBridgeRule.targets,EventBridgeRule.targets,inputTransformer,val,EventBridgeInputTransformer,,val,containment owner,
psm,awspsm-events.emf,EventBridgeTarget,False,EventBridgeRule.targets,EventBridgeRule.targets,targetResource,ref,AwsResource,,ref,cross-link,
psm,awspsm-events.emf,EventBridgeTarget,False,EventBridgeRule.targets,EventBridgeRule.targets,role,ref,IamRole,,ref,cross-link,
psm,awspsm-events.emf,EventBridgeTarget,False,EventBridgeRule.targets,EventBridgeRule.targets,deadLetterQueue,ref,SqsQueue,,ref,cross-link,
psm,awspsm-events.emf,EventBridgeTargetParameters,True,EventBridgeTarget.parameters,EventBridgeTarget.parameters,,,,,ok,leaf classifier,
psm,awspsm-events.emf,EventPattern,False,EventBridgeRule.eventPattern,EventBridgeRule.eventPattern,,,,,ok,leaf classifier,
psm,awspsm-security.emf,GenerateSecretStringConfig,False,SecretsManagerSecret.generateSecretString,SecretsManagerSecret.generateSecretString,,,,,ok,leaf classifier,
psm,awspsm-compute.emf,GenericLambdaEventSourceMapping,False,(none),(none),eventSourceResource,ref,AwsResource,,flag: unreachable,cross-link,unreachable
psm,awspsm-api.emf,HttpApi,False,(none),(none),,,,,flag: unreachable,leaf classifier,unreachable
psm,awspsm-api.emf,HttpApiRoute,False,(none),(none),,,,,flag: unreachable,leaf classifier,unreachable
psm,awspsm-api.emf,HttpApiStage,False,(none),(none),,,,,flag: unreachable,leaf classifier,unreachable
psm,awspsm-events.emf,HttpParameter,False,EventBridgeHttpTargetParameters.headerParameters; EventBridgeHttpTargetParameters.queryStringParameters; EventBridgeHttpTargetParameters.pathParameterValues; EventBridgeHttpParameters.headerParameters; EventBridgeHttpParameters.queryStringParameters; EventBridgeHttpParameters.bodyParameters,EventBridgeHttpTargetParameters.headerParameters; EventBridgeHttpTargetParameters.queryStringParameters; EventBridgeHttpTargetParameters.pathParameterValues; EventBridgeHttpParameters.headerParameters; EventBridgeHttpParameters.queryStringParameters; EventBridgeHttpParameters.bodyParameters,,,,,flag: multiple-containment,leaf classifier,multiple-containment
psm,awspsm-security.emf,IamCondition,False,IamStatement.conditions,IamStatement.conditions,,,,,ok,leaf classifier,
psm,awspsm-security.emf,IamInlinePolicy,False,IamRole.inlinePolicies,IamRole.inlinePolicies,,,,,ok,leaf classifier,
psm,awspsm-security.emf,IamManagedPolicy,False,(none),(none),,,,,flag: unreachable,leaf classifier,unreachable
psm,awspsm-security.emf,IamPolicy,False,(none),(none),roles,ref,IamRole,,flag: unreachable,cross-link,unreachable
psm,awspsm-security.emf,IamPolicyDocument,False,ApiGatewayApi.apiPolicy; EventBridgeBusPolicy.policyDocument; SqsQueuePolicy.policyDocument; SnsTopicPolicy.policyDocument; KmsKey.keyPolicy; SecretsManagerResourcePolicy.resourcePolicy; DynamoDbTable.resourcePolicy; S3BucketPolicy.policyDocument,ApiGatewayApi.apiPolicy; EventBridgeBusPolicy.policyDocument; SqsQueuePolicy.policyDocument; SnsTopicPolicy.policyDocument; KmsKey.keyPolicy; SecretsManagerResourcePolicy.resourcePolicy; DynamoDbTable.resourcePolicy; S3BucketPolicy.policyDocument,statements,val,IamStatement,,flag: multiple-containment,containment owner,multiple-containment
psm,awspsm-security.emf,IamPrincipal,False,IamStatement.principals,IamStatement.principals,,,,,ok,leaf classifier,
psm,awspsm-security.emf,IamRole,False,(none),(none),inlinePolicies,val,IamInlinePolicy,,flag: unreachable,containment owner,unreachable
psm,awspsm-security.emf,IamRole,False,(none),(none),managedPolicies,ref,IamManagedPolicy,,ref,cross-link,unreachable
psm,awspsm-security.emf,IamStatement,False,IamPolicyDocument.statements,IamPolicyDocument.statements,principals,val,IamPrincipal,,val,containment owner,
psm,awspsm-security.emf,IamStatement,False,IamPolicyDocument.statements,IamPolicyDocument.statements,conditions,val,IamCondition,,val,containment owner,
psm,awspsm-api.emf,JwtAuthorizer,False,(none),(none),,,,,flag: unreachable,leaf classifier,unreachable
psm,awspsm-security.emf,KmsAlias,False,(none),(none),,,,,flag: unreachable,leaf classifier,unreachable
psm,awspsm-security.emf,KmsKey,False,(none),(none),keyPolicy,val,IamPolicyDocument,,flag: unreachable,containment owner,unreachable
psm,awspsm-security.emf,KmsKey,False,(none),(none),aliases,ref,KmsAlias,targetKey,ref,cross-link,unreachable
psm,awspsm-compute.emf,LambdaAlias,False,AwsLambdaFunction.aliases,AwsLambdaFunction.aliases,provisionedConcurrencyConfig,val,LambdaProvisionedConcurrencyConfig,,val,containment owner,
psm,awspsm-compute.emf,LambdaAlias,False,AwsLambdaFunction.aliases,AwsLambdaFunction.aliases,version,ref,LambdaVersion,,ref,cross-link,
psm,awspsm-api.emf,LambdaAuthorizer,False,(none),(none),,,,,flag: unreachable,leaf classifier,unreachable
psm,awspsm-compute.emf,LambdaCodeConfig,True,(none),(none),,,,,flag: unreachable,leaf classifier,unreachable
psm,awspsm-compute.emf,LambdaDeadLetterConfig,False,AwsLambdaFunction.deadLetterConfig,AwsLambdaFunction.deadLetterConfig,targetQueue,ref,SqsQueue,,ref,cross-link,
psm,awspsm-compute.emf,LambdaDeadLetterConfig,False,AwsLambdaFunction.deadLetterConfig,AwsLambdaFunction.deadLetterConfig,targetTopic,ref,SnsTopic,,ref,cross-link,
psm,awspsm-compute.emf,LambdaDestinationConfig,False,LambdaEventSourceMapping.destinationConfig; LambdaEventInvokeConfig.destinationConfig,LambdaEventSourceMapping.destinationConfig; LambdaEventInvokeConfig.destinationConfig,onSuccess,ref,AwsResource,,flag: multiple-containment,cross-link,multiple-containment
psm,awspsm-compute.emf,LambdaDestinationConfig,False,LambdaEventSourceMapping.destinationConfig; LambdaEventInvokeConfig.destinationConfig,LambdaEventSourceMapping.destinationConfig; LambdaEventInvokeConfig.destinationConfig,onFailure,ref,AwsResource,,ref,cross-link,multiple-containment
psm,awspsm-compute.emf,LambdaEnvironmentVariable,False,AwsLambdaFunction.environment,AwsLambdaFunction.environment,,,,,ok,leaf classifier,
psm,awspsm-compute.emf,LambdaEventInvokeConfig,False,AwsLambdaFunction.eventInvokeConfigs,AwsLambdaFunction.eventInvokeConfigs,destinationConfig,val,LambdaDestinationConfig,,val,containment owner,
psm,awspsm-compute.emf,LambdaEventInvokeConfig,False,AwsLambdaFunction.eventInvokeConfigs,AwsLambdaFunction.eventInvokeConfigs,qualifierAlias,ref,LambdaAlias,,ref,cross-link,
psm,awspsm-compute.emf,LambdaEventSourceMapping,True,AwsLambdaFunction.eventSourceMappings,AwsLambdaFunction.eventSourceMappings,destinationConfig,val,LambdaDestinationConfig,,val,containment owner,
psm,awspsm-compute.emf,LambdaFileSystemConfig,False,AwsLambdaFunction.fileSystemConfigs,AwsLambdaFunction.fileSystemConfigs,,,,,ok,leaf classifier,
psm,awspsm-compute.emf,LambdaFunctionUrl,False,AwsLambdaFunction.functionUrl,AwsLambdaFunction.functionUrl,cors,val,LambdaUrlCorsConfiguration,,val,containment owner,
psm,awspsm-compute.emf,LambdaImageCodeConfig,False,(none),(none),imageConfig,val,LambdaImageConfig,,flag: unreachable,containment owner,unreachable
psm,awspsm-compute.emf,LambdaImageConfig,False,LambdaImageCodeConfig.imageConfig,LambdaImageCodeConfig.imageConfig,,,,,ok,leaf classifier,
psm,awspsm-compute.emf,LambdaInvocationBinding,True,(none),(none),,,,,flag: unreachable,leaf classifier,unreachable
psm,awspsm-compute.emf,LambdaLayerPermission,False,(none),(none),,,,,flag: unreachable,leaf classifier,unreachable
psm,awspsm-compute.emf,LambdaLayerVersion,False,(none),(none),,,,,flag: unreachable,leaf classifier,unreachable
psm,awspsm-compute.emf,LambdaLoggingConfig,False,AwsLambdaFunction.logging,AwsLambdaFunction.logging,,,,,ok,leaf classifier,
psm,awspsm-compute.emf,LambdaPermission,False,AwsLambdaFunction.permissions,AwsLambdaFunction.permissions,,,,,ok,leaf classifier,
psm,awspsm-compute.emf,LambdaProvisionedConcurrencyConfig,False,LambdaVersion.provisionedConcurrencyConfig; LambdaAlias.provisionedConcurrencyConfig,LambdaVersion.provisionedConcurrencyConfig; LambdaAlias.provisionedConcurrencyConfig,,,,,flag: multiple-containment,leaf classifier,multiple-containment
psm,awspsm-compute.emf,LambdaTracingConfig,False,AwsLambdaFunction.tracing,AwsLambdaFunction.tracing,,,,,ok,leaf classifier,
psm,awspsm-compute.emf,LambdaUrlCorsConfiguration,False,LambdaFunctionUrl.cors,LambdaFunctionUrl.cors,,,,,ok,leaf classifier,
psm,awspsm-compute.emf,LambdaVersion,False,AwsLambdaFunction.versions,AwsLambdaFunction.versions,provisionedConcurrencyConfig,val,LambdaProvisionedConcurrencyConfig,,val,containment owner,
psm,awspsm-compute.emf,LambdaZipCodeConfig,False,(none),(none),,,,,flag: unreachable,leaf classifier,unreachable
psm,awspsm-observability.emf,MetricDimension,False,MetricPolicy.dimensions; CloudWatchMetricTransformation.dimensions; CloudWatchAlarm.dimensions,MetricPolicy.dimensions; CloudWatchMetricTransformation.dimensions; CloudWatchAlarm.dimensions,,,,,flag: multiple-containment,leaf classifier,multiple-containment
psm,awspsm-core.emf,NamedValueExpression,False,ValueExpression.entries,ValueExpression.entries,,,,,ok,leaf classifier,
psm,awspsm-core.emf,NativeProperty,False,SamFunctionEvent.properties; AwsResource.metadata; AwsResource.overrides; AwsNativeResource.properties; SamStack.globals; SamStack.metadata; SamGlobals.functionGlobals; SamGlobals.apiGlobals; SamGlobals.httpApiGlobals; SamGlobals.stateMachineGlobals; SamStateMachineEvent.properties,SamFunctionEvent.properties; AwsResource.metadata; AwsResource.overrides; AwsNativeResource.properties; SamStack.globals; SamStack.metadata; SamGlobals.functionGlobals; SamGlobals.apiGlobals; SamGlobals.httpApiGlobals; SamGlobals.stateMachineGlobals; SamStateMachineEvent.properties,,,,,flag: multiple-containment,leaf classifier,multiple-containment
psm,awspsm-core.emf,ResourceImport,False,AwsResource.importDetails,AwsResource.importDetails,,,,,ok,leaf classifier,
psm,awspsm-api.emf,RestApi,False,(none),(none),resources,val,RestApiResource,api,flag: unreachable,containment owner,unreachable
psm,awspsm-api.emf,RestApiMethod,False,(none),(none),requestValidator,ref,ApiGatewayRequestValidator,,flag: unreachable,cross-link,unreachable
psm,awspsm-api.emf,RestApiResource,False,RestApi.resources,RestApi.resources,parentResource,ref,RestApiResource,,ref,cross-link,
psm,awspsm-api.emf,RestApiRoute,False,(none),(none),,,,,flag: unreachable,leaf classifier,unreachable
psm,awspsm-api.emf,RestApiStage,False,(none),(none),deployment,ref,ApiGatewayDeployment,,flag: unreachable,cross-link,unreachable
psm,awspsm-storage.emf,S3Bucket,False,(none),(none),ownershipControls,val,S3OwnershipControls,,flag: unreachable,containment owner,unreachable
psm,awspsm-storage.emf,S3Bucket,False,(none),(none),cors,val,CorsConfiguration,,val,containment owner,unreachable
psm,awspsm-storage.emf,S3Bucket,False,(none),(none),encryption,val,S3BucketEncryption,,val,containment owner,unreachable
psm,awspsm-storage.emf,S3Bucket,False,(none),(none),lifecycle,val,S3LifecycleConfiguration,,val,containment owner,unreachable
psm,awspsm-storage.emf,S3Bucket,False,(none),(none),publicAccessBlock,val,S3PublicAccessBlockConfiguration,,val,containment owner,unreachable
psm,awspsm-storage.emf,S3Bucket,False,(none),(none),notificationConfiguration,val,S3NotificationConfiguration,,val,containment owner,unreachable
psm,awspsm-storage.emf,S3Bucket,False,(none),(none),replicationConfiguration,val,S3ReplicationConfiguration,,val,containment owner,unreachable
psm,awspsm-storage.emf,S3Bucket,False,(none),(none),bucketPolicy,ref,S3BucketPolicy,bucket,ref,cross-link,unreachable
psm,awspsm-storage.emf,S3BucketEncryption,False,S3Bucket.encryption,S3Bucket.encryption,kmsKey,ref,KmsKey,,ref,cross-link,
psm,awspsm-storage.emf,S3BucketPolicy,False,(none),(none),policyDocument,val,IamPolicyDocument,,flag: unreachable,containment owner,unreachable
psm,awspsm-integrations.emf,S3LambdaNotificationView,False,(none),(none),,,,,flag: unreachable,leaf classifier,unreachable
psm,awspsm-storage.emf,S3LifecycleConfiguration,False,S3Bucket.lifecycle,S3Bucket.lifecycle,rules,val,S3LifecycleRule,,val,containment owner,
psm,awspsm-storage.emf,S3LifecycleFilter,False,S3LifecycleRule.filter; S3ReplicationRule.filter,S3LifecycleRule.filter; S3ReplicationRule.filter,tags,val,S3TagFilter,,flag: multiple-containment,containment owner,multiple-containment
psm,awspsm-storage.emf,S3LifecycleRule,False,S3LifecycleConfiguration.rules,S3LifecycleConfiguration.rules,filter,val,S3LifecycleFilter,,val,containment owner,
psm,awspsm-storage.emf,S3LifecycleRule,False,S3LifecycleConfiguration.rules,S3LifecycleConfiguration.rules,transitions,val,S3Transition,,val,containment owner,
psm,awspsm-storage.emf,S3NotificationConfiguration,False,S3Bucket.notificationConfiguration,S3Bucket.notificationConfiguration,rules,val,S3NotificationRule,configuration,val,containment owner,
psm,awspsm-storage.emf,S3NotificationRule,False,S3NotificationConfiguration.rules,S3NotificationConfiguration.rules,destination,ref,S3NotificationDestination,,ref,cross-link,
psm,awspsm-storage.emf,S3OwnershipControls,False,S3Bucket.ownershipControls,S3Bucket.ownershipControls,rules,val,S3OwnershipRule,,val,containment owner,
psm,awspsm-storage.emf,S3OwnershipRule,False,S3OwnershipControls.rules,S3OwnershipControls.rules,,,,,ok,leaf classifier,
psm,awspsm-storage.emf,S3PublicAccessBlockConfiguration,False,S3Bucket.publicAccessBlock,S3Bucket.publicAccessBlock,,,,,ok,leaf classifier,
psm,awspsm-integrations.emf,S3QueueNotificationView,False,(none),(none),queuePolicy,ref,SqsQueuePolicy,,flag: unreachable,cross-link,unreachable
psm,awspsm-storage.emf,S3ReplicationConfiguration,False,S3Bucket.replicationConfiguration,S3Bucket.replicationConfiguration,rules,val,S3ReplicationRule,,val,containment owner,
psm,awspsm-storage.emf,S3ReplicationDestination,False,S3ReplicationRule.destination,S3ReplicationRule.destination,replicaKmsKey,ref,KmsKey,,ref,cross-link,
psm,awspsm-storage.emf,S3ReplicationRule,False,S3ReplicationConfiguration.rules,S3ReplicationConfiguration.rules,filter,val,S3LifecycleFilter,,val,containment owner,
psm,awspsm-storage.emf,S3ReplicationRule,False,S3ReplicationConfiguration.rules,S3ReplicationConfiguration.rules,destination,val,S3ReplicationDestination,,val,containment owner,
psm,awspsm-storage.emf,S3TagFilter,False,S3LifecycleFilter.tags,S3LifecycleFilter.tags,,,,,ok,leaf classifier,
psm,awspsm-integrations.emf,S3TopicNotificationView,False,(none),(none),topicPolicy,ref,SnsTopicPolicy,,flag: unreachable,cross-link,unreachable
psm,awspsm-storage.emf,S3Transition,False,S3LifecycleRule.transitions,S3LifecycleRule.transitions,,,,,ok,leaf classifier,
psm,awspsm-compute.emf,SamFunctionEvent,False,AwsLambdaFunction.samEvents,AwsLambdaFunction.samEvents,properties,val,NativeProperty,,val,containment owner,
psm,awspsm-core.emf,SamGlobals,False,AwsPsmModel.samGlobals,AwsPsmModel.samGlobals,functionGlobals,val,NativeProperty,,val,containment owner,
psm,awspsm-core.emf,SamGlobals,False,AwsPsmModel.samGlobals,AwsPsmModel.samGlobals,apiGlobals,val,NativeProperty,,val,containment owner,
psm,awspsm-core.emf,SamGlobals,False,AwsPsmModel.samGlobals,AwsPsmModel.samGlobals,httpApiGlobals,val,NativeProperty,,val,containment owner,
psm,awspsm-core.emf,SamGlobals,False,AwsPsmModel.samGlobals,AwsPsmModel.samGlobals,stateMachineGlobals,val,NativeProperty,,val,containment owner,
psm,awspsm-core.emf,SamStack,False,AwsPsmModel.stacks,AwsPsmModel.stacks,parameters,val,CfnParameter,,val,containment owner,
psm,awspsm-core.emf,SamStack,False,AwsPsmModel.stacks,AwsPsmModel.stacks,mappings,val,CfnMapping,,val,containment owner,
psm,awspsm-core.emf,SamStack,False,AwsPsmModel.stacks,AwsPsmModel.stacks,conditions,val,CfnCondition,,val,containment owner,
psm,awspsm-core.emf,SamStack,False,AwsPsmModel.stacks,AwsPsmModel.stacks,resources,val,AwsResource,stack,val,containment owner,
psm,awspsm-core.emf,SamStack,False,AwsPsmModel.stacks,AwsPsmModel.stacks,outputs,val,CfnOutput,,val,containment owner,
psm,awspsm-core.emf,SamStack,False,AwsPsmModel.stacks,AwsPsmModel.stacks,globals,val,NativeProperty,,val,containment owner,
psm,awspsm-core.emf,SamStack,False,AwsPsmModel.stacks,AwsPsmModel.stacks,metadata,val,NativeProperty,,val,containment owner,
psm,awspsm-workflow.emf,SamStateMachineEvent,False,StepFunctionStateMachine.samEvents,StepFunctionStateMachine.samEvents,properties,val,NativeProperty,,val,containment owner,
psm,awspsm-security.emf,SecretRotationRules,False,SecretRotationSchedule.rotationRules,SecretRotationSchedule.rotationRules,,,,,ok,leaf classifier,
psm,awspsm-security.emf,SecretRotationSchedule,False,(none),(none),rotationRules,val,SecretRotationRules,,flag: unreachable,containment owner,unreachable
psm,awspsm-security.emf,SecretRotationSchedule,False,(none),(none),rotationLambda,ref,AwsResource,,ref,cross-link,unreachable
psm,awspsm-security.emf,SecretValueExpression,False,(none),(none),secretRef,ref,SecretsManagerSecret,,flag: unreachable,cross-link,unreachable
psm,awspsm-security.emf,SecretsManagerResourcePolicy,False,(none),(none),resourcePolicy,val,IamPolicyDocument,,flag: unreachable,containment owner,unreachable
psm,awspsm-security.emf,SecretsManagerSecret,False,(none),(none),secretValue,val,ValueExpression,,flag: unreachable,containment owner,unreachable
psm,awspsm-security.emf,SecretsManagerSecret,False,(none),(none),generateSecretString,val,GenerateSecretStringConfig,,val,containment owner,unreachable
psm,awspsm-security.emf,SecretsManagerSecret,False,(none),(none),kmsKey,ref,KmsKey,,ref,cross-link,unreachable
psm,awspsm-security.emf,SecretsManagerSecret,False,(none),(none),rotationSchedule,ref,SecretRotationSchedule,secret,ref,cross-link,unreachable
psm,awspsm-security.emf,SecretsManagerSecret,False,(none),(none),resourcePolicy,ref,SecretsManagerResourcePolicy,secret,ref,cross-link,unreachable
psm,awspsm-networking.emf,SecurityGroup,False,(none),(none),vpc,ref,Vpc,,flag: unreachable,cross-link,unreachable
psm,awspsm-networking.emf,SecurityGroup,False,(none),(none),ingressRules,val,SecurityGroupRule,,val,containment owner,unreachable
psm,awspsm-networking.emf,SecurityGroup,False,(none),(none),egressRules,val,SecurityGroupRule,,val,containment owner,unreachable
psm,awspsm-networking.emf,SecurityGroupRule,False,SecurityGroup.ingressRules; SecurityGroup.egressRules,SecurityGroup.ingressRules; SecurityGroup.egressRules,sourceSecurityGroup,ref,SecurityGroup,,flag: multiple-containment,cross-link,multiple-containment
psm,awspsm-messaging.emf,SnsFilterRule,False,SnsSubscription.filterRules,SnsSubscription.filterRules,,,,,ok,leaf classifier,
psm,awspsm-integrations.emf,SnsLambdaSubscriptionView,False,(none),(none),permission,ref,LambdaPermission,,flag: unreachable,cross-link,unreachable
psm,awspsm-messaging.emf,SnsSubscription,False,(none),(none),filterRules,val,SnsFilterRule,,flag: unreachable,containment owner,unreachable
psm,awspsm-messaging.emf,SnsSubscription,False,(none),(none),endpointResource,ref,AwsResource,,ref,cross-link,unreachable
psm,awspsm-messaging.emf,SnsSubscription,False,(none),(none),deadLetterQueue,ref,SqsQueue,,ref,cross-link,unreachable
psm,awspsm-messaging.emf,SnsTopic,False,(none),(none),kmsKey,ref,KmsKey,,flag: unreachable,cross-link,unreachable
psm,awspsm-messaging.emf,SnsTopic,False,(none),(none),subscriptions,ref,SnsSubscription,topic,ref,cross-link,unreachable
psm,awspsm-messaging.emf,SnsTopic,False,(none),(none),topicPolicies,ref,SnsTopicPolicy,topics,ref,cross-link,unreachable
psm,awspsm-messaging.emf,SnsTopicPolicy,False,(none),(none),policyDocument,val,IamPolicyDocument,,flag: unreachable,containment owner,unreachable
psm,awspsm-messaging.emf,SnsTopicPolicy,False,(none),(none),topics,ref,SnsTopic,topicPolicies,ref,cross-link,unreachable
psm,awspsm-compute.emf,SqsLambdaEventSourceMapping,False,(none),(none),,,,,flag: unreachable,leaf classifier,unreachable
psm,awspsm-integrations.emf,SqsLambdaEventSourceView,False,(none),(none),,,,,flag: unreachable,leaf classifier,unreachable
psm,awspsm-messaging.emf,SqsQueue,False,(none),(none),redrivePolicy,val,SqsRedrivePolicy,,flag: unreachable,containment owner,unreachable
psm,awspsm-messaging.emf,SqsQueue,False,(none),(none),redriveAllowPolicy,val,SqsRedriveAllowPolicy,,val,containment owner,unreachable
psm,awspsm-messaging.emf,SqsQueue,False,(none),(none),kmsKey,ref,KmsKey,,ref,cross-link,unreachable
psm,awspsm-messaging.emf,SqsQueue,False,(none),(none),queuePolicies,ref,SqsQueuePolicy,queues,ref,cross-link,unreachable
psm,awspsm-messaging.emf,SqsQueuePolicy,False,(none),(none),policyDocument,val,IamPolicyDocument,,flag: unreachable,containment owner,unreachable
psm,awspsm-messaging.emf,SqsQueuePolicy,False,(none),(none),queues,ref,SqsQueue,queuePolicies,ref,cross-link,unreachable
psm,awspsm-messaging.emf,SqsRedriveAllowPolicy,False,SqsQueue.redriveAllowPolicy,SqsQueue.redriveAllowPolicy,sourceQueues,ref,SqsQueue,,ref,cross-link,
psm,awspsm-messaging.emf,SqsRedrivePolicy,False,SqsQueue.redrivePolicy,SqsQueue.redrivePolicy,,,,,ok,leaf classifier,
psm,awspsm-security.emf,SsmParameter,False,(none),(none),value,val,ValueExpression,,flag: unreachable,containment owner,unreachable
psm,awspsm-security.emf,SsmParameter,False,(none),(none),kmsKey,ref,KmsKey,,ref,cross-link,unreachable
psm,awspsm-security.emf,SsmParameterValueExpression,False,(none),(none),ssmParameter,ref,SsmParameter,,flag: unreachable,cross-link,unreachable
psm,awspsm-integrations.emf,StepFunctionEventBridgeTargetView,False,(none),(none),,,,,flag: unreachable,leaf classifier,unreachable
psm,awspsm-workflow.emf,StepFunctionLoggingConfig,False,StepFunctionStateMachine.logging,StepFunctionStateMachine.logging,,,,,ok,leaf classifier,
psm,awspsm-workflow.emf,StepFunctionStateMachine,False,(none),(none),logging,val,StepFunctionLoggingConfig,,flag: unreachable,containment owner,unreachable
psm,awspsm-workflow.emf,StepFunctionStateMachine,False,(none),(none),tracing,val,StepFunctionTracingConfig,,val,containment owner,unreachable
psm,awspsm-workflow.emf,StepFunctionStateMachine,False,(none),(none),aslDocument,val,AslDocument,,val,containment owner,unreachable
psm,awspsm-workflow.emf,StepFunctionStateMachine,False,(none),(none),samEvents,val,SamStateMachineEvent,,val,containment owner,unreachable
psm,awspsm-workflow.emf,StepFunctionTracingConfig,False,StepFunctionStateMachine.tracing,StepFunctionStateMachine.tracing,,,,,ok,leaf classifier,
psm,awspsm-networking.emf,Subnet,False,(none),(none),vpc,ref,Vpc,,flag: unreachable,cross-link,unreachable
psm,awspsm-core.emf,TracingConfig,True,(none),(none),,,,,flag: unreachable,leaf classifier,unreachable
psm,awspsm-core.emf,ValueExpression,False,ValueExpression.items; CfnParameter.defaultValue; CfnCondition.expressionValue; EventBridgeTarget.input; SecretsManagerSecret.secretValue; SsmParameter.value,ValueExpression.items; CfnParameter.defaultValue; CfnCondition.expressionValue; EventBridgeTarget.input; SecretsManagerSecret.secretValue; SsmParameter.value,items,val,ValueExpression,,flag: multiple-containment,containment owner,multiple-containment
psm,awspsm-core.emf,ValueExpression,False,ValueExpression.items; CfnParameter.defaultValue; CfnCondition.expressionValue; EventBridgeTarget.input; SecretsManagerSecret.secretValue; SsmParameter.value,ValueExpression.items; CfnParameter.defaultValue; CfnCondition.expressionValue; EventBridgeTarget.input; SecretsManagerSecret.secretValue; SsmParameter.value,entries,val,NamedValueExpression,,val,containment owner,multiple-containment
psm,awspsm-core.emf,ValueExpression,False,ValueExpression.items; CfnParameter.defaultValue; CfnCondition.expressionValue; EventBridgeTarget.input; SecretsManagerSecret.secretValue; SsmParameter.value,ValueExpression.items; CfnParameter.defaultValue; CfnCondition.expressionValue; EventBridgeTarget.input; SecretsManagerSecret.secretValue; SsmParameter.value,resource,ref,AwsResource,,ref,cross-link,multiple-containment
psm,awspsm-core.emf,ValueExpression,False,ValueExpression.items; CfnParameter.defaultValue; CfnCondition.expressionValue; EventBridgeTarget.input; SecretsManagerSecret.secretValue; SsmParameter.value,ValueExpression.items; CfnParameter.defaultValue; CfnCondition.expressionValue; EventBridgeTarget.input; SecretsManagerSecret.secretValue; SsmParameter.value,parameter,ref,CfnParameter,,ref,cross-link,multiple-containment
psm,awspsm-networking.emf,Vpc,False,(none),(none),,,,,flag: unreachable,leaf classifier,unreachable
psm,awspsm-networking.emf,VpcAttachmentConfig,False,AwsLambdaFunction.vpcConfig,AwsLambdaFunction.vpcConfig,requiredEndpoints,val,VpcEndpointReference,,val,containment owner,
psm,awspsm-networking.emf,VpcAttachmentConfig,False,AwsLambdaFunction.vpcConfig,AwsLambdaFunction.vpcConfig,vpc,ref,Vpc,,ref,cross-link,
psm,awspsm-networking.emf,VpcAttachmentConfig,False,AwsLambdaFunction.vpcConfig,AwsLambdaFunction.vpcConfig,subnets,ref,Subnet,,ref,cross-link,
psm,awspsm-networking.emf,VpcAttachmentConfig,False,AwsLambdaFunction.vpcConfig,AwsLambdaFunction.vpcConfig,securityGroups,ref,SecurityGroup,,ref,cross-link,
psm,awspsm-networking.emf,VpcEndpoint,False,(none),(none),vpc,ref,Vpc,,flag: unreachable,cross-link,unreachable
psm,awspsm-networking.emf,VpcEndpoint,False,(none),(none),subnets,ref,Subnet,,ref,cross-link,unreachable
psm,awspsm-networking.emf,VpcEndpoint,False,(none),(none),securityGroups,ref,SecurityGroup,,ref,cross-link,unreachable
psm,awspsm-networking.emf,VpcEndpointReference,False,VpcAttachmentConfig.requiredEndpoints,VpcAttachmentConfig.requiredEndpoints,,,,,ok,leaf classifier,
psm,awspsm-api.emf,WafWebAclAssociation,False,(none),(none),,,,,flag: unreachable,leaf classifier,unreachable
psm,awspsm-api.emf,WebSocketApi,False,(none),(none),,,,,flag: unreachable,leaf classifier,unreachable
psm,awspsm-api.emf,WebSocketRoute,False,(none),(none),,,,,flag: unreachable,leaf classifier,unreachable
psm,awspsm-api.emf,WebSocketStage,False,(none),(none),,,,,flag: unreachable,leaf classifier,unreachable
